lemma_beta,freq
o(,327
kai/,240
e)gw/,218
de/,159
o(/de,139
s1u/,139
ga/r,118
ou),112
ei)mi/,97
a)nh/r,85
a)/n1,83
a)lla/,77
w(s,71
tis,71
o(/s,70
ou(=tos,70
te,65
mh/,62
kako/s,60
ti/s,55
me/n,53
e)/xw,53
au)to/s,52
e)n,52
w)=,50
pro/s,50
ei),46
pa=s,45
qeo/s,42
h)/,42
nu=n,41
me/gas,39
ge,37
qnh/s1kw,37
*ai)/as,37
fi/los,35
s1o/s,34
e)mo/s,34
pote/,34
xei/r,32
ou)de/,32
e)kei=nos,31
le/gw,31
ou)dei/s,31
ei)s,29
e)k,27
ou)/te,24
lo/gos,24
e)xqro/s,23
pai=s,23
path/r,21
e)pi/,20
w(=de,20
polu/s,20
mhdei/s,20
gi/gnomai,20
ei)=don,20
mo/nos,19
dra/w,19
a)ei/,19
dh/,19
h)=,19
*teu=kros,19
mhde/,19
i)w/,19
o(ra/w,19
toio/s1de,18
eu)=,18
frone/w,18
a)/llos,18
e)/ti,17
pa/reimi,17
o(/s1tis,17
s1trato/s,17
toi,17
kata/,16
toiou=tos,16
u(po/,15
e)/pos,15
pi/ptw,15
oi)=da,15
e)qe/lw,15
para/,15
a)po/,15
w(/s1te,14
ou)=n,14
blw/s1kw,14
oi(=os,14
s1u/n,14
pou/,14
deino/s,14
po/nos,13
dh=ta,13
xro/nos,13
e)/rgon,13
o(/s1os,12
gunh/,12
ta/las,12
manqa/nw,12
doke/w,12
o(/pws,12
za/w,12
klu/w,12
xa/ris,12
a)/ra,11
h)/dh,11
*)argei=os,11
broto/s,11
ei)=pon,11
krate/w,11
lamba/nw,11
fe/rw,11
fai/nw,11
a)/gw,11
ei)=mi,10
*)odus1s1eu/s,10
a)=ra,10
*)atrei/dhs,10
pw=s,10
h(me/ra,10
a)/nqrwpos,10
w)/moi,10
oi)/moi,10
o)/mma,10
mh/thr,10
pou=,10
a)kou/w,10
kalo/s,10
ou)ke/ti,10
au)=,9
du/s1thnos,9
gnw/mh,9
*zeu/s,9
e)/oika,9
ta/xa,9
nin,9
fhmi/,9
a)/th,9
kei=mai,9
a)rke/w,9
e)a/n,9
a)/nac,9
o(/te,9
deu=ro,9
i(/s1thmi,9
e)/rxomai,9
tu/xh,8
e)a/w,8
pri/n,8
mis1e/w,8
mh/n,8
ei)/te,8
ta/xos,8
do/ru,8
bai/nw,8
ble/pw,8
dhlo/w,8
kale/w,8
fw/s,8
xai/rw,8
xrh/,8
te/knon,8
du/s1moros,7
au)=qis,7
ai)s1xro/s,7
o(/tan,7
tugxa/nw,7
tos1ou=tos,7
o(/pou,7
o(/plon,7
o(mou=,7
o)/llumi,7
nekro/s,7
ne/mw,7
me/nw,7
me/llw,7
ma=llon,7
pe/las,7
poi/mnh,7
poi=os,7
glw=s1s1a,7
prw=tos,7
qa/ptw,7
fwne/w,7
fra/zw,7
s1u/neimi,7
eu(ri/s1kw,7
ei)/per,7
ti/qhmi,7
e)pi/s1tamai,7
e)pei/,7
a)mfi/,7
*(/a|dhs,7
*)aqh/nh,7
a(/pas,7
a)/rtios,7
*troi/a,7
kru/ptw,6
nu/c,6
a)/gan,6
fa/tis,6
u(bri/zw,6
e)/ndon,6
*(/ektwr,6
pra/s1s1w,6
e(autou=,6
ei)=ta,6
do/mos,6
nau=s,6
me/ntoi,6
ge/nos,6
qroe/w,6
a)nti/,6
gela/w,6
oi)=kos,6
e)/nqa,6
*)axaio/s,6
nos1e/w,6
a)/ris1tos,6
kure/w,6
̓a)trei/dhs,6
lupe/w,6
fo/nos,6
*telamw/n,6
no/mos,6
pikro/s,6
tla/w,6
xwre/w,6
ta/fos,6
frh/n,6
a)/rti,6
dei/knumi,6
no/s1os,6
s1khnh/,5
fu/s1is,5
nika/w,5
ge/lws,5
s1trathgo/s,5
ne/os,5
ai)/rw,5
koino/s,5
file/w,5
o(do/s,5
s1fei=s,5
oi)/xomai,5
kai/toi,5
pei/qw,5
peri/,5
e)fi/hmi,5
pau/w,5
ka/rta,5
dai/mwn,5
ph=|,5
pari/s1thmi,5
de/w,5
a)/xos,5
e)kba/llw,5
i)/s1xw,5
poi=,5
qa/natos,5
pa/ros,5
pone/w,5
pa/qos,5
ba/llw,5
a)gge/llw,5
h(ni/ka,5
di/dwmi,5
pro/s1qen,5
di/kaios,5
di/kh,5
h(/kw,5
dia/,5
dus1menh/s,5
ci/fos,5
a)/rxw,5
makro/s,5
e)paine/w,5
lei/pw,5
a)/gra,5
to/te,5
a)pei/rgw,5
xqw/n,5
e)/ces1ti,5
mikro/s,5
xeimw/n,5
tre/fw,5
ei)s1ora/w,5
tos1o/s1de,5
s1w/|zw,5
lh/gw,5
e)rw=,5
w(/s1per,5
dei/dw,4
gignw/s1kw,4
keno/s,4
u(pe/r,4
gh=,4
ou(/tws,4
oi)kei=os,4
pou/s,4
a)/nw,4
plh/n,4
a(/ma,4
kairo/s,4
ai)ki/zw,4
eu)genh/s,4
eu)qu/s,4
feu=,4
bi/os,4
go/os,4
*pa/n,4
e(/rpw,4
ou)/pote,4
baru/s,4
*)erinu/s,4
bi/a,4
ma/ntis,4
des1po/ths,4
h(du/s,4
a)/ter,4
*)/arhs,4
tre/pw,4
me/lw,4
pa/lai,4
o)rqo/s,4
pole/mios,4
e)/s1w,4
bou/lomai,4
fu/w,4
mh/te,4
boto/n,4
plei/wn,4
e)/peita,4
yuxh/,4
tafh/,4
ktei/nw,4
ku/klos,4
bou=s,4
ph=ma,4
e)/gxos,4
s1ofo/s,4
s1peu/dw,4
s1qe/nw,4
*(/ellhn,4
fula/s1s1w,4
taxu/s,4
dou=los,4
kra/tos,4
poie/w,4
o(rma/w,4
s1u/mmaxos,4
de/rkomai,4
boh/,4
ai(re/w,4
komi/zw,4
pei=ra,4
e(/dra,4
a)/kros,4
pe/mpw,4
te/ryis,4
te/los,4
s1to/ma,4
s1wfrone/w,4
lugro/s,3
lw/bh,3
de/xomai,3
patrw=|os,3
palaio/s,3
a)gw/n,3
de/os,3
ma/lis1ta,3
*te/kmhs1s1a,3
e)/codos,3
mwro/s,3
di/xa,3
ma/s1tic,3
du/o,3
a(li/s1komai,3
a(marta/nw,3
pedi/on,3
kta/omai,3
mnh=s1tis,3
mo/ros,3
du/namai,3
e)/rws,3
e)/ndikos,3
mu=qos,3
e)/ris,3
a)fi/hmi,3
ku/wn,3
muqe/omai,3
lagxa/nw,3
nautiko/s,3
o(moi=os,3
dis1s1o/s,3
lei/a,3
o(qou/neka,3
mai/nomai,3
pa/lin,3
dh=los,3
ou)/toi,3
ou)/tis,3
kate/xw,3
e(/s1peros,3
di/s,3
kleino/s,3
me/s1os,3
e(/neka,3
o)rgh/,3
ko/mh,3
o)cu/s,3
meqi/hmi,3
e)kei=,3
e)/mpas,3
e)fi/s1thmi,3
fle/gw,3
foi/nios,3
a)rh/gw,3
fqei/rw,3
fqi/w,3
s1kia/,3
a)rwgo/s,3
a)rxh/,3
e)mfanh/s,3
e)lpi/s,3
r(i/ptw,3
a)tima/zw,3
ka/tw,3
e)lau/nw,3
ai(=ma,3
qumo/s,3
ai)/as,3
qrhne/w,3
ai)/qwn,3
qras1u/s,3
qou/rios,3
ai)ai=,3
ge/rwn,3
ai)de/omai,3
fobe/w,3
*ka/lxas,3
qars1e/w,3
*fru/c,3
̓a)rgei=os,3
e)s1qlo/s,3
ei(=s,3
xwri/s,3
e)pibai/nw,3
u(/bris,3
*)axi/lleios,3
e)peggela/w,3
a)ni/a,3
toiga/r,3
toi=os,3
tlh/mwn,3
eu)tuxe/w,3
te/xnh,3
tanu=n,3
*danaoi/,3
a)po/llumi,3
s1w=ma,3
s1unarpa/zw,3
feu/gw,3
s1u/ntrofos,3
a)/qaptos,3
s1u/naimos,3
qea/,3
e)leu/qeros,3
e)kto/s,3
i)/s1ws,3
pro/s1polos,3
prh/n,3
i(/hmi,3
pra=gma,3
ba/rbaros,3
qake/w,3
ba/s1is,3
baio/s,3
prodi/dwmi,3
*salami/s,3
bas1ileu/s,3
po/lis,3
plou=tos,3
plhgh/,3
ple/ws,3
ple/w,3
a)i/s1s1w,3
i(kne/omai,3
punqa/nomai,3
*lae/rths,3
genea/,3
gh=ras,3
eu)/kleia,2
kai/per,2
a)/lkimos,2
leimw/n,2
kluto/s,2
i)/xnos,2
eu)/frwn,2
h(/lios,2
klis1i/a,2
eu)frai/nw,2
fa/os,2
fa/s1ganon,2
le/xos,2
gennai=os,2
fa/s1kw,2
eu)/xomai,2
eu)/fhmos,2
kai/rios,2
leu/s1s1w,2
e)rga/zomai,2
ka/toida,2
ka/petos,2
i)s1xu/w,2
ei)/kw,2
leuko/s,2
a)/rxwn,2
a)/n,2
i)ou/,2
a)/rrhtos,2
ei)s1aei/,2
i)dou/,2
i)a/ptw,2
ei)s1akou/w,2
ei)s1e/rxomai,2
faeino/s,2
ko/s1mos,2
lao/s,2
gluku/s,2
h)=mar,2
h(donh/,2
frou=dos,2
h(/s1s1wn,2
kei=nos,2
fu/lac,2
fus1a/w,2
fqe/gma,2
kri/nw,2
krei/s1s1wn,2
a)/lhma,2
gai=a,2
kompe/w,2
h(/domai,2
katamele/w,2
katakta/omai,2
kou=fos,2
koimi/zw,2
fe/ggos,2
loipo/s,2
a)/lgos,2
koi=los,2
fei/domai,2
kle/ptw,2
kaqi/s1thmi,2
fo/bos,2
kixa/nw,2
kola/zw,2
ki/wn,2
flau=ros,2
i(ero/s,2
i(/na,2
a)lge/w,2
ou)/koun,2
loutro/n,2
s1igh/,2
s1emno/s,2
s1eu/w,2
s1fa/llw,2
s1fa/zw,2
s1hmai/nw,2
s1i/dhros,2
s1iga/w,2
s1klhro/s,2
s1e/bw,2
s1mikro/s,2
s1te/fanos,2
s1te/gh,2
s1te/llw,2
s1te/rgw,2
s1tei/xw,2
s1trathla/ths,2
s1eautou=,2
r(h=ma,2
s1tugero/s,2
pthno/s,2
proi/s1thmi,2
proqe/w,2
pros1auda/w,2
pros1e/rpw,2
pros1ei=pon,2
pros1leu/s1s1w,2
pros1molei=n,2
pu/lh,2
r(axi/zw,2
pw,2
pws,2
qana/s1imos,2
qei=os,2
qoo/s,2
qurai=os,2
qwu/s1s1w,2
s1tre/fw,2
s1u/ndetos,2
lwi/wn,2
xqo/nios,2
trofh/,2
*)axilleu/s,2
u(bris1th/s,2
u(pei/kw,2
u(pos1tena/zw,2
w)fele/w,2
xo/los,2
xrei/a,2
tro/pos,2
xrhs1to/s,2
yeu/dw,2
zeu/s,2
zhte/w,2
zugo/n,2
̓a)xaio/s,2
̓i)dai=os,2
trofeu/s,2
tre/xw,2
s1umpi/tnw,2
tele/w,2
s1unalge/w,2
s1w/frwn,2
s1xolh/,2
*eu)rus1a/khs,2
tarbe/w,2
tau=ros,2
taxu/nw,2
terpno/s,2
to/s1os,2
teu=xos,2
th=|de,2
thlo/qen,2
ti/nw,2
timh/,2
to/lma,2
to/pos,2
pro/s1eimi,2
pro/keimai,2
pro/gonos,2
o(mile/w,2
nu/ktwr,2
a)/dwros,2
o(/mws,2
a)/cios,2
o(/poi,2
o(/rkos,2
o(/ti,2
o(poi=os,2
no/os,2
o)/knos,2
o)/neidos,2
o)/rnis,2
o)du/romai,2
o)fqalmo/s,2
o)kne/w,2
o)tru/nw,2
nomi/zw,2
a)/elptos,2
pro/blhma,2
a)/ggelos,2
ma/thn,2
ma/xh,2
mani/a,2
a)/idris,2
me/nos,2
mei/wn,2
meta/,2
a)/ge,2
neos1fagh/s,2
mh=nis,2
mi/mnw,2
moi=ra,2
mw=n,2
mwri/a,2
a)/filos,2
neo/rrantos,2
oi)/koqen,2
oi)=ktos,2
oi)=os,2
pneu=ma,2
peris1te/llw,2
ph/gnumi,2
phda/w,2
phmai/nw,2
ple/os,2
pleura/,2
pleuro/n,2
po/ntos,2
oi)kh/twr,2
po/teros,2
polla/kis,2
poqi,2
potamo/s,2
pra=cis,2
pra=gos,2
*mene/laos,2
periptuxh/s,2
perifanh/s,2
peri/fantos,2
pela/zw,2
oi)kti/rw,2
oi)mw/zw,2
e)pixai/rw,2
ou)/pw,2
ou)/rios,2
*trw|a/s,2
ou)damou=,2
pa/ndhmos,2
*teleu/tas,2
pa/s1xw,2
pai/w,2
pantaxou=,2
pate/w,2
patri/s,2
pe/lagos,2
e)pw/numos,2
̓o)dus1s1eu/s,2
e)cerga/zomai,2
bla/ptw,2
ai)/linon,2
a)fikne/omai,2
a)nia/w,2
ba/cis,2
dw=ron,2
dori/lhptos,2
ai(ma/s1s1w,2
a)no/htos,2
e)/nqen,2
e)cepi/s1tamai,2
a)na/s1s1w,2
au)tos1fagh/s,2
e(/zomai,2
dunato/s,2
e)pe/xw,2
a)re/s1kw,2
e)celeuqeros1tome/w,2
a)na/lghtos,2
dw=ma,2
e(/ws,2
e)nnu/xios,2
e)/cw,2
bradu/s,2
e)ci/s1thmi,2
e)lpi/zw,2
a)pos1pa/w,2
e)fubri/zw,2
dras1ei/w,2
ai)s1xu/nh,2
e)pais1qa/nomai,2
e(/rkos,2
both/r,2
diplo/os,2
ba/ros,2
e)nqa/de,2
dou=pos,2
blas1ta/nw,2
ba/qron,2
du/s1foros,2
ai)dw/s,2
ai)a/zw,2
e)gkone/w,2
a)reth/,2
e)/peimi,2
a)na/,2
a)delfo/s,2
e)kpne/w,2
be/los,2
a)ris1teu/w,2
e)/tos,2
deu/teros,2
des1mw/ths,2
e)pis1kh/ptw,2
au)da/w,2
bas1ta/zw,2
ai)xmalwti/s,2
a)nu/w,2
des1mo/s,2
e)/rgw,2
e)kfu/w,2
deili/a,2
a)lhqh/s,2
deilo/s,2
e)/s1te,2
a)gaqo/s,2
e)klu/w,2
e)nalla/s1s1w,2
di=os,2
da/ios,2
a)/timos,2
e)canu/w,2
ai)ti/a,2
do/los,2
e)ne/pw,2
a)cio/w,2
e)kei=qen,2
boa/w,2
dw/rhma,2
de/s1poina,2
e)kei=s1e,2
a)ta/omai,2
pulwro/s,1
ai)po/lion,1
ai)qh/r,1
pukno/s,1
pwlodamne/w,1
*la/rtios,1
pu=r,1
puka/zw,1
ai)pu/s,1
e)pis1tolh/,1
pu/rgos,1
pros1embai/nw,1
profu/w,1
profwne/w,1
au)/tws,1
proka/mnw,1
prolei/pw,1
propa/twr,1
proqumi/a,1
ai)xma/zw,1
pros1ble/pw,1
ai)w/n,1
pros1e/rxomai,1
pros1ei=don,1
pros1enne/pw,1
ai)s1qa/nomai,1
pros1kale/w,1
ai)te/w,1
ai)s1xu/nw,1
pros1pe/tomai,1
pros1pi/ptw,1
pros1ti/qhmi,1
pros1tre/pw,1
pros1tro/paios,1
pros1wta/tw,1
protei/nw,1
pth/s1s1w,1
a)ka/rpwtos,1
ai)o/los,1
qeri/zw,1
*la/kaina,1
r(i/s,1
r(uto/s,1
r(uth/r,1
r(u=ma,1
r(u/omai,1
r(oh/,1
r(i/za,1
a)tima/w,1
s1a/lpigc,1
a)yo/fhtos,1
ai(/res1is,1
r(a/|dios,1
ai(mobafh/s,1
qumo/w,1
ai(mu/los,1
s1a/kos,1
s1akes1fo/ros,1
ai)no/s,1
s1fageu/s,1
a)s1fa/das1tos,1
a)s1falh/s,1
s1fo/dra,1
a)s1pi/s,1
s1falero/s,1
s1fagh/,1
a)s1pis1th/r,1
s1be/nnumi,1
a)s1tergh/s,1
s1fa/gion,1
a)s1tibh/s,1
a)ta/llw,1
s1e/las,1
a)ta/rbhtos,1
qu/ra,1
ai)/qw,1
qrh=nos,1
qe/s1mios,1
qermai/nw,1
a)is1to/w,1
*kullh/nios,1
qelonth/s,1
qeato/s,1
ai)gupio/s,1
qe/ros,1
ai)=s1a,1
qe/ama,1
qe/a,1
qauma/zw,1
ai)ne/w,1
qapte/os,1
ai)ni/s1s1omai,1
qermo/s,1
qes1mo/s,1
qh/gw,1
qh/r,1
qh/ra,1
qhga/nh,1
qhlu/nw,1
qhra/w,1
qhs1auro/s,1
qigga/nw,1
*krh/s,1
qnhto/s,1
qo/rubos,1
qolero/s,1
ai)anh/s,1
qorube/w,1
qra/s1os,1
prodida/s1kw,1
au)todah/s,1
probolh/,1
pla/th,1
a)gw/nios,1
bruxa/omai,1
perai/nw,1
pera/w,1
buqo/s,1
bw=los,1
ce/nos,1
cifokto/nos,1
peda/w,1
pe/tros,1
pe/s1hma,1
pe/rqw,1
pe/r,1
pe/nqos,1
cuno/s,1
bri/qw,1
peripeth/s,1
peris1kelh/s,1
bou/leuma,1
pla/c,1
bolh/,1
*skama/ndrios,1
phmonh/,1
bos1po/rios,1
phkto/s,1
bouko/los,1
peris1perxh/s,1
bouleu/w,1
ph/dhma,1
petrai=os,1
perixarh/s,1
boulh/,1
peris1s1o/s,1
pe/lw,1
pe/leia,1
*sou/nion,1
pantoi=os,1
para/ktios,1
decio/s,1
paptai/nw,1
panw/leqros,1
panu/s1taton,1
pantourgo/s,1
dei=ma,1
para/plhktos,1
pantaxh=,1
pamph/dhn,1
dei=pnon,1
pakto/w,1
paideu/w,1
pagxru/s1eos,1
para/lios,1
paralla/c,1
cure/w,1
de/s1mios,1
pe/don,1
pau=ros,1
da/knw,1
patro/qen,1
dakru/w,1
*spa/rth,1
patage/w,1
parapra/s1s1w,1
parqe/nos,1
parous1i/a,1
paroimi/a,1
parh/kw,1
pareuqu/nw,1
pare/xw,1
pla/s1s1w,1
pla/zw,1
pro/teros,1
platu/s,1
s1idhrobrw/s,1
pres1beu/w,1
pre/pw,1
au)xeni/zw,1
ba/naus1os,1
*mu/s1ios,1
ba/ptw,1
ba/qos,1
*palla/s,1
pors1u/nw,1
poreute/os,1
poreu/w,1
poqe/w,1
ponto/poros,1
bafh/,1
pri/amai,1
au)to/xeir,1
pri/w,1
*laome/dwn,1
pro/s1wqen,1
au)dh/,1
pro/s1oyis,1
pro/s1keimai,1
pro/s1fqegma,1
au)gh/,1
pro/qumos,1
a)i/dhlos,1
pro/nous,1
pro/noia,1
au)lo/s,1
au)ti/ka,1
pro/dhlos,1
pro/blhtos,1
pompai=os,1
*pe/loy,1
polu/rrafos,1
plh=qos,1
bh=s1s1a,1
bia/zw,1
plo/os,1
plo/kos,1
plhs1i/os,1
bla/bh,1
plh/rhs,1
*sis1ufi/dhs,1
pleurokope/w,1
ble/faron,1
plei=s1tos,1
a)gxi/alos,1
a)gwna/rxhs,1
bo/s1kw,1
po/lutlas,1
po/ros,1
polu/ponos,1
baru/nw,1
polu/plagktos,1
polu/koinos,1
polu/kerws,1
a)hdw/n,1
polio/s,1
baqu/s,1
*qes1to/reios,1
po/rpac,1
baru/yuxos,1
poi/nimos,1
poi/mnion,1
barua/lghtos,1
bas1i/leia,1
po/te,1
s1i=ga,1
*knw/s1ios,1
s1idhrokmh/s,1
a)napnoh/,1
u(pe/rfrwn,1
u(pe/rdikos,1
a)nari/qmhtos,1
u(pas1pi/dios,1
u(pai/s1s1w,1
u(mne/w,1
u(lh/eis,1
u(gro/s,1
u(fi/s1thmi,1
a)narpa/zw,1
a)narrh/gnumi,1
u(/s1teron,1
u(/s1tatos,1
u(/pnos,1
u(/paulos,1
u(pe/rkopos,1
u(pei=pon,1
a)nas1pa/w,1
u(peikte/on,1
u(yi/kompos,1
u(yi/batos,1
u(yhlo/s,1
u(pozeu/gnumi,1
u(pourge/w,1
u(potei/nw,1
a)nape/tomai,1
u(pos1pani/zomai,1
u(podei/dw,1
u(poba/llw,1
u(po/blhtos,1
a)napne/w,1
u(perpone/w,1
u(permaxe/w,1
u(perbriqh/s,1
u(/parxos,1
tw/s,1
a)nali/s1kw,1
a)ne/xw,1
a)kmh/,1
tranh/s,1
*)enua/lios,1
a)nh/riqmos,1
tomo/s,1
toma/w,1
tolma/w,1
*)erexqei=dai,1
*)eriboi/a,1
a)ni/hmi,1
a)ni/s1thmi,1
toi/nun,1
toco/ths,1
a)nia/zw,1
to/qi,1
a)nh/kes1tos,1
trei=s,1
turs1hno/s,1
tri/pous,1
turanniko/s,1
tumbeu/w,1
a)nas1tena/zw,1
a)nati/qhmi,1
tu/rannos,1
tu/ptw,1
tru/xw,1
troph/,1
troi/a,1
trofo/s,1
a)nau/dhtos,1
a)naxe/w,1
a)ne/romai,1
tri/tos,1
tri/s,1
w(/ra,1
*)atreu/s,1
a)noi/gnumi,1
yi/quros,1
yhfi/zw,1
a)la/omai,1
ye/gw,1
ya/maqos,1
a)mfi/dromos,1
a)mfi/puros,1
xw=ros,1
xrw/s,1
xrus1o/nwtos,1
*(/hlios,1
a)mfi/rutos,1
xrhs1th/rion,1
xrh=ma,1
xrh/|zw,1
xrh/s1imos,1
yhfopoio/s,1
yilo/s,1
xrew/n,1
yo/fos,1
a)lgi/wn,1
a)lh/ths,1
a)la/s1twr,1
̓a)po/llwn,1
zws1th/r,1
a)me/rimnos,1
zhthte/os,1
a)mei/bw,1
zhlo/w,1
zh=los,1
a)mei/nwn,1
zamenh/s,1
a)menhno/s,1
za/lh,1
a)mfh/khs,1
*(ellhni/s,1
a)mfi/s1thmi,1
*)aqh=nai,1
xai/th,1
xa/s1kw,1
*)/olumpos,1
w)|dh/,1
w)qe/w,1
w)mokrath/s,1
w)mo/s,1
w)mo/qumos,1
w)mo/frwn,1
w)ku/alos,1
w)felh/s1imos,1
a)nagkai=os,1
w)di/nw,1
*)agame/mnwn,1
*)alkmh/nh,1
a)naire/w,1
a)nagkai/h,1
xalkeu/w,1
xrai/nw,1
xalko/s1tomos,1
xra/w,1
xra/omai,1
a)na/cios,1
xoropoio/s,1
xoreu/w,1
xlwro/s,1
xiono/ktupos,1
xh=ros,1
xero/plhktos,1
xeiroda/iktos,1
xei/rios,1
*(ermh=s,1
xarmonh/,1
xara/,1
xalkoqw/rac,1
a)no/nhtos,1
tlhto/s,1
a)rxai=os,1
s1u/mmiktos,1
s1u/mfhmi,1
s1u/gkeimai,1
*fru/gios,1
s1tugno/s,1
a)poyu/xw,1
s1tuge/w,1
a)pri/c,1
s1trato/w,1
a)pwqe/w,1
a)pws1to/s,1
a)qume/w,1
s1trathgi/s,1
s1trathge/w,1
s1trath/gion,1
s1trateu/w,1
a)pos1tere/w,1
s1u/mpas,1
a)ra/omai,1
a)porri/ptw,1
s1ullamba/nw,1
s1ugkomi/zw,1
s1ugkera/nnumi,1
s1ugkatazeu/gnumi,1
s1ugkataktei/nw,1
s1ugkaqarmo/zw,1
s1ugka/mnw,1
s1uggnw/mh,1
s1u=rigc,1
a)popau/w,1
s1u/neunos,1
*foi=bos,1
s1u/nedros,1
a)porre/w,1
s1u/naulos,1
s1tonaxh/,1
s1tibe/w,1
s1umba/llw,1
a)ris1tei=a,1
s1pe/rma,1
a)ris1tero/s,1
*telamw/nios,1
a)ris1teu/s,1
s1ku/mnos,1
s1koto/w,1
s1kopo/s,1
s1kope/w,1
s1ko/tos,1
a)ris1to/xeir,1
a)ke/leus1tos,1
s1ke/ptomai,1
s1kaio/s,1
s1ka/fos,1
a)rkte/os,1
s1pei/rw,1
s1pla/gxnon,1
s1thri/zw,1
s1pora/,1
s1teroph/,1
s1tereo/frwn,1
s1tere/w,1
s1tena/zw,1
a)ra/s1s1w,1
s1te/rnon,1
s1te/nw,1
s1te/gos,1
a)rgi/pous,1
s1te/fw,1
a)riqmo/s,1
s1ta/zw,1
a)ris1tei/a,1
s1qe/nos,1
s1poudh/,1
s1ullu/w,1
s1umfe/rw,1
a)noimwkti/,1
a)ntiti/nw,1
te/ws,1
a)nw/dunos,1
te/rpw,1
te/rma,1
te/mnw,1
a)pai/s1s1w,1
*ai)aki/dhs,1
te/ggw,1
*ai)gai=os,1
a)pale/cw,1
a)parne/omai,1
tauropo/los,1
a)pata/w,1
a)pauda/w,1
a)peilh/,1
tei/nw,1
teles1fo/ros,1
talai/frwn,1
teleuta/w,1
a)nqi/s1thmi,1
*)ika/rios,1
a)nqrw/peios,1
tima/w,1
*)olumpia/s,1
*\ea)/rtemis,1
a)nta/w,1
ti/ktw,1
thlwpo/s,1
a)ntakou/w,1
a)nth/lios,1
texna/omai,1
a)ntia/zw,1
teu=kros,1
a)ntifwne/w,1
tanu/pous,1
a)peire/s1ios,1
s1umfora/,1
s1unnau/ths,1
s1unhrete/w,1
s1une/rxomai,1
s1une/rgw,1
s1unde/omai,1
s1undai/zw,1
s1unauda/w,1
a)pofqi/nw,1
s1unallagh/,1
s1unalla/s1s1w,1
a)pokale/w,1
s1una/ptw,1
s1umpra/s1s1w,1
s1umpone/w,1
a)polwba/omai,1
s1ummanqa/nw,1
s1uni/hmi,1
s1unqa/ptw,1
*atrei/dhs,1
s1unti/qhmi,1
a)peru/kw,1
ta/s1s1w,1
a)peuqu/nw,1
ta/fros,1
a)pis1te/w,1
ta/cis,1
a)kmai=os,1
s1xe/tlios,1
s1wthri/a,1
s1wth/rios,1
a)po/s1trofos,1
a)po/tropos,1
a)pobla/ptw,1
a)podidra/s1kw,1
s1untugxa/nw,1
pagkrath/s,1
dhmiourgo/s,1
pa/thr,1
a)/xqos,1
e)kbai/nw,1
a)/upnos,1
i)/s1os,1
i)/lh,1
i)/laos,1
i(pponw/mas,1
i(ppomanh/s,1
i(ppode/ths,1
i(ppiko/s,1
i(keth/rios,1
i(ke/ths,1
i(drw/s,1
i(drute/on,1
a)/naudos,1
e)kfe/rw,1
e)gw/ge,1
i)atro/s,1
geu/w,1
i)au/w,1
e)fh/kw,1
kagxa/zw,1
e)forma/w,1
e)ggu/qen,1
ka/ron,1
ka/ra,1
e)ggu/s,1
ka/lumma,1
k,1
i)xqu/s,1
i)xneu/w,1
a)/nas1s1a,1
e)gkatazeu/gnumi,1
i)s1xu/s,1
e)gklei/w,1
e)kfeu/gw,1
h)pu/w,1
h)=qos,1
h)=mos,1
e)kple/w,1
e)kplh/gnumi,1
a)/ntuc,1
gumno/s,1
gou=n,1
gorgwpo/s,1
gonh/,1
go/nos,1
e)kpodw/n,1
a)/nwga,1
e)kpra/s1s1w,1
e)kpunqa/nomai,1
a)/oknos,1
ghrobos1ko/s,1
e)krh/gnumi,1
e)kpi/ptw,1
e)kpe/mpw,1
h(/s1uxos,1
h(ni/a,1
a)/neu,1
a)/nolbos,1
a)/noos,1
h(s1s1a/omai,1
h(ni/x',1
e)kkalu/ptw,1
h(meri/a,1
h(=mai,1
h(me/rios,1
a)/ntron,1
h(ge/omai,1
e)kne/momai,1
h(=|,1
h(=par,1
e)fe/s1tios,1
e)fa/ptw,1
e)cwqe/w,1
a)/llote,1
kle/pths,1
kle/os,1
kine/w,1
e)ceta/zw,1
ki/nados,1
khru/s1s1w,1
kh=ruc,1
kh=r,1
kh/dw,1
keu/qw,1
kerdai/nw,1
kente/w,1
e)ceuri/s1kw,1
kelainw/pas,1
kelaino/s,1
e)cera/w,1
klh/|zw,1
klh=ros,1
e)cama/w,1
e)cai/fnhs,1
koinwno/s,1
e)cai/rw,1
koino/plous,1
e)calla/s1s1w,1
e)calu/s1kw,1
ko/mpos,1
klhrou=xos,1
knw/dwn,1
kna/ptw,1
e)ce/romai,1
e)cefi/hmi,1
kloph/,1
kli/nw,1
e)chge/omai,1
kei/rw,1
e)corma/w,1
kefalh/,1
kartero/s,1
kartere/w,1
kaqubri/zw,1
e)comoio/w,1
kaqi/hmi,1
kaqaire/w,1
kalu/ptw,1
a)/mfw,1
kallis1tei=on,1
a)/moiros,1
kakou=rgos,1
kakopinh/s,1
a)/mugma,1
kako/qrous,1
kakandri/a,1
e)coimw/zw,1
kata/s1tas1is,1
katacai/nw,1
kateu/xomai,1
kedno/s,1
ke/rdos,1
ke/rdis1tos,1
ke/leuqos,1
katopteu/w,1
kathgore/w,1
katenari/zw,1
e)cixnos1kope/w,1
kate/pefnon,1
katas1pei/rw,1
katas1be/nnumi,1
kataqnh/s1kw,1
e)cikne/omai,1
katalla/s1s1w,1
e)ks1w/|zw,1
geraio/s,1
a)gkw/n,1
eu)/peis1tos,1
eu)/lofos,1
e)pe/rxomai,1
eu)/karpos,1
eu)/gnws1tos,1
a)/tlhtos,1
eu)/eiros,1
a)/roura,1
eu(/dw,1
ei)s1pi/ptw,1
e)pempi/ptw,1
ei)s1leu/s1s1w,1
e)pentu/nw,1
ei)s1e/peita,1
ei)s1ba/llw,1
e)pi/kairos,1
eu)/nous,1
eu)/ris,1
e)ktei/nw,1
e)parke/w,1
eu)pro/s1wpos,1
eu)nomi/a,1
eu)noe/w,1
eu)nh/,1
eu)na/w,1
eu)maqh/s,1
eu)ke/raos,1
eu)ka/rdios,1
eu)h/nemos,1
eu)h/meros,1
e)pakto/s,1
e)papeile/w,1
eu)dai/mwn,1
eu)=te,1
a)/rnumai,1
a)/rrhktos,1
ei)res1i/a,1
e)pi/s1khnos,1
e)pi/s1kopos,1
e)xqai/rw,1
e)piplh/s1s1w,1
e)pis1ke/ptomai,1
e)rus1to/s,1
e)remno/s,1
e)rei/pw,1
e)rei/pion,1
e)re/s1s1w,1
e)ra/w1,1
a)/s1wtos,1
e)pw|dh/,1
e)pis1pa/w,1
e)poiktei/rw,1
e)piyau/w,1
e)pis1ta/ths,1
e)xqarte/os,1
e)xqi/wn,1
e)xqodopo/s,1
ei)/s1eidon,1
e)pi/triptos,1
e)pibouleuth/s,1
ei)=en,1
e)pibro/nthtos,1
e)pigignw/s1kw,1
ei)/s1w,1
a)/s1itos,1
a)/s1plagxnos,1
e)pikoufi/zw,1
ei)/dwlon,1
a)/s1kopos,1
ei(rkte/os,1
e)pimele/omai,1
ei(=ma,1
eu)qu/nw,1
e)pais1xu/nomai,1
eu)ru/nwtos,1
forbh/,1
e)mautou=,1
e)mba/llw,1
e)mferh/s,1
frou/rhma,1
fronti/s,1
a)/poptos,1
fro/nimos,1
fri/s1s1w,1
e)mme/nw,1
frenomo/rws,1
freno/qen,1
a)/potos,1
fqo/nos,1
a)/trutos,1
e)mpi/ptw,1
e)lu/w,1
e)llo/s,1
futeu/w,1
ge/ras,1
genna/w,1
e)kti/nw,1
e)ktre/pw,1
gei/twn,1
gei/nomai,1
e)kxwre/w,1
e)la/s1s1wn,1
fw/nhma,1
e)lafhboli/a,1
a)/paus1tos,1
e)llei/pw,1
a)/peimi,1
a)/pis1tos,1
a)/platos,1
e)mpola/w,1
foneu/w,1
eu)rw/dhs,1
foneu/s,1
e)ntugxa/nw,1
fati/zw,1
a)/rneios,1
e)nw/motos,1
fae/qw,1
fa=ros,1
e)pa/gw,1
e)pa/ktios,1
e)pai/s1s1w,1
fa/rmakon,1
e)pai/w,1
eu)tuxh/s,1
eu)s1keue/w,1
eu)s1ebe/w,1
eu)rw/eis,1
e)ntre/pw,1
e)ntolh/,1
e)ns1ta/ths,1
fitu/w,1
foita/w,1
foini/s1s1w,1
a)/tres1tos,1
e)na/gw,1
e)na/lios,1
e)nanti/os,1
filoi/ktis1tos,1
feukto/s,1
filo/ths,1
filo/ponos,1
filo/frwn,1
e)nnoe/w,1
fi/lis1tos,1
a)/rdhn,1
kole/a,1
a)/yorros,1
kompa/zw,1
o(meune/tis,1
o(doipore/w,1
doka/w,1
a(li/rroqos,1
a)fro/ntis1tos,1
a(lia/dhs,1
doko/w,1
o(/s1ios,1
a(mo/s,1
a(plo/os,1
a(rpa/zw,1
doria/lwtos,1
dorus1s1o/htos,1
dou/lios,1
o(/moios,1
o(/los,1
o(mai/mwn,1
o(mili/a,1
kos1me/w,1
do/lios,1
o)/nuc,1
o)/noma,1
o)/nhs1is,1
diopteu/w,1
a(gni/zw,1
a(li/klus1tos,1
o)/leqros,1
dipla/zw,1
o)/gkos,1
a(li/plagktos,1
dis1s1a/rxhs,1
diw/kw,1
o(pli/zw,1
o(mw=s,1
a(li/plhktos,1
a)/das1tos,1
a)/dhlos,1
nw=ton,1
nu=s1a,1
nh/ios,1
neoxa/raktos,1
du/s1orgos,1
du/w,1
nei=kos,1
nehkonh/s,1
a)/fobos,1
ne/mos,1
ne/kus,1
ne/fos,1
ne/atos,1
dus1lo/gis1tos,1
nauti/los,1
nauba/ths,1
dus1peth/s,1
ni/kh,1
nifos1tibh/s,1
du/s1kleia,1
drape/ths,1
nu/xios,1
nu/mfh,1
doulei/a,1
nu/kteros,1
a)forma/w,1
nouqete/w,1
noe/w,1
du/h,1
no/tos,1
no/s1tos,1
dro/mos,1
no/s1hma,1
no/qos,1
dro/s1os,1
o)/pis1qen,1
o)/rganon,1
dioi/xomai,1
diafe/rw,1
e)pis1trateu/w,1
a(/lios,1
dhmo/ths,1
dhro/s,1
di/paltos,1
ou)/lios,1
a(/lis,1
a(/lma,1
ou(=per,1
ou(=,1
dia/s1trofos,1
ou(/neka,1
oi)xne/w,1
oi)wno/s,1
oi)obw/tas,1
a)ge/lh,1
a)gelai=os,1
ou)=s,1
pa/nqutos,1
deira/s,1
denna/zw,1
pa/raulos,1
pa/ralos,1
pa/qh,1
pa/ntws,1
pa/nnuxos,1
dh/lios,1
deu/w,1
ou)rano/s,1
ou)ra/nios,1
a)ggeli/a,1
*trw/s,1
*trwiko/s,1
oi)mwgh/,1
oi)ktro/s,1
o)/rxhma,1
diafoiba/zw,1
o)rfanis1th/s,1
o)pth/r,1
o)nh/s1imos,1
o)neidi/zw,1
o)le/qrios,1
dio/llumi,1
dio/mnumi,1
o)feile/ths,1
o)fei/lw,1
diogenh/s,1
o)du/nh,1
o)cu/tonos,1
dioi/gnumi,1
o)/yis,1
o)/tobos,1
o)rfano/s,1
dikrath/s,1
dikas1th/s,1
die/rxomai,1
diafqora/,1
diaperaio/w,1
diaporqe/w,1
diarre/w,1
diarrh/gnumi,1
dida/s1kw,1
oi)/omai,1
o)rqo/w,1
difreuth/s,1
difrhlate/w,1
oi),1
a(/teros,1
dikaio/w,1
o)ru/s1s1w,1
nau/ths,1
nau/loxos,1
nau/arxos,1
e)/ramai,1
li/s1s1omai,1
e)/mplhktos,1
e)/nara,1
leuko/pwlos,1
e)/ndoqen,1
leimw/nios,1
a)fe/rpw,1
e)/painos,1
lehlate/w,1
e)/paulos,1
le/aina,1
latrei/a,1
laqi/ponos,1
a)faire/w,1
lampth/r,1
liguro/s,1
limh/n,1
lipa/w,1
lu=ma,1
lwbhto/s,1
e)/fedros,1
lus1s1w/dhs,1
e)/kgonos,1
lumew/n,1
e)/kkritos,1
lu/w,1
liqo/leus1tos,1
lu/ph,1
e)/mfrwn,1
e)/mpedos,1
loi/s1qios,1
logi/zomai,1
a)/kron,1
lampro/s,1
e)/rebos,1
e)/falos,1
la/qrh|,1
a)e/cw,1
kte/omai,1
krufai=os,1
e)/s1xatos,1
krith/s,1
krio/s,1
krhmno/s,1
krh/nh,1
e)/xqrh,1
krai/nw,1
kra/zw,1
e)/xqw,1
kra/s,1
koufi/zw,1
a)da/matos,1
e)/ruma,1
ku/lic,1
ku/rios,1
a)ei/mnhs1tos,1
la/fura,1
la/bros,1
kwkuto/s,1
kwfo/s,1
a)lgeino/s,1
kw/dwn,1
kunhgi/a,1
ku=ma,1
kunhgete/w,1
kune/h,1
kuklo/w,1
kukle/w,1
kuda/zw,1
kuberna/w,1
lwfa/w,1
ma/la,1
nai/w,1
e(/dranon,1
a)/fraktos,1
mimnh/s1kw,1
dus1xerh/s,1
mhxanh/,1
mhxana/omai,1
a)/frwn,1
a)/fwnos,1
mhdamw=s,1
mhdamou=,1
mhdamo/s,1
mh=lon,1
dwre/w,1
dwrea/,1
e(/,1
metre/w,1
mnh/mh,1
mnh/mwn,1
mnh=ma,1
dus1ta/las,1
na/pos,1
dus1praci/a,1
dus1qe/atos,1
dus1qera/peutos,1
muxo/s,1
dus1s1ebh/s,1
momfh/,1
dus1w/numos,1
dus1tra/pelos,1
mo/xqos,1
dus1tuxe/w,1
a)/fqoggos,1
mo/lis,1
mnhmoneu/w,1
metanagignw/s1komai,1
meqi/s1thmi,1
e(toi=mos,1
e(/lic,1
mania/s,1
e(li/s1s1w,1
mala/s1s1w,1
e(pta/boios,1
makrai/wn,1
makra/n,1
maima/w,1
mai/omai,1
e(rkei=os,1
a)/kos,1
e(s1ti/a,1
e(tai=ros,1
ma/taios,1
e(tairei/a,1
ma/rptw,1
a)/klhtos,1
manteu/omai,1
marai/nw,1
e(/pomai,1
menoina/w,1
melai/nw,1
e(/lwr,1
mei/s,1
me/xri,1
me/teimi,1
a)/grios,1
marture/w,1
e(dw/lion,1
me/los,1
a)/hma,1
me/leos,1
me/las,1
e(kw/n,1
kw/kuma,1
