Αἰαντίδης	de la tribu Æantide
Αἰγαίων	Ægæôn (Ægéon)
Αἰγαῖος	la mer Égée
Αἰγεΐδης	citoyen de la tribu Ægéide
Αἰγείδης	citoyen de la tribu Ægéide
Αἰγεῖον	temple d'Égée
Αἰγιάλευς	qui se trouve ou réside au bord de la mer
Αἰγύπτιος	d'Ægyptos
Αἰθίοψ	l'Éthiopien
Αἰθαλίδης	habitant ou originaire du dème Æthalia
Αἰθιοπίς	l'Éthiopie ; sorte de plante
Αἰολίς	Éolie ; territoire de Calydon ; Calydon ou Pleuron ; dialecte éolien
Αἰτναῖος	sorte de poisson de mer
Αἴγειος	de chèvre
Αἵδης	Hadès (Pluton) roi des enfers ; le séjour des morts, les enfers ; la mort
Αὐγείας	Augéas ou Augias, (h.)
Αὐσονίς	l'Ausonie, l'Italie ; l'Ausonienne
Αὐτόφονος	qui se tue ou tue les siens de sa main
Βάθος	eau profonde, haute mer, ou profondeur des terres, intérieur d'un pays
Βάκχειος	Bakkheios, (h.)
Βάκχιος	Bacchus ; Bakkhios, (h.)
Βάλιος	Balios
Βάταλος	Battalos
Βαίτυλος	bétyle, pierre tombée du ciel et regardée comme sacrée
Βακχείος	Bakkheios, (h.)
Βακχεῖον	Bakkheion
Βακχεῖος	le bacchius
Βασιλίς	Basilis, (h.)
Βαῦκις	sorte de soulier de femme
Βιθυνίς	la Bithynie
Βοιωτίς	la Béotie
Βορυσθένης	le Borysthène (auj. le Dniepr) (fl.)
Βουκολίων	Boukoliôn (h.)
Βούσιρις	Bousiris (Busiris) (h.)
Βράγχος	branchies de poissons
Βρεττανικός	Britannicus
Βρομίος	le vin
Βρομιῶτις	bacchante
Βόηθος	Boèthos, (h.)
Βόσπορος	le Bosphore de Thrace (auj. le détroit d'Istanbul) côte du Bosphore de Thrace
Βῆσσα	Bèsa
Γάλλος	prêtre de Cybèle
Γέργις	Gergis, (v.)
Γέρων	marque d'honneur
Γέται	les Gètes
Γαλάται	les Gaulois (de la Gaule transalpine et de la Gaule cisalpine) ; les Galates ou Gaulois d'Asie Mineure
Γαλάτης	Galatès
Γαῖος	terrestre
Γαῗος	terrestre
Γελωνός	le peuple des Gélônes
Γενέθλιος	jour de la naissance
Γενηταίος	Zeus de Génète
Γλαύκος	sorte de poisson de mer d'un gris bleuâtre
Γραϊκός	de vieille femme
Γραῖκος	de vieille femme
Γρύλος	petit porc
Γόγγυλος	rond, arrondi
Δάρδανος	Dardanos
Δήλιος	le dieu de Dèlos (Apollon)
Δίος	Dios, le divin
Δαμάγητος	Dèmagètos ou Damagètos, (h.)
Δαμάτριος	de Dèmèter
Δαμόξενος	Damoxènos, (h.)
Δαρεῖος	Darius (Dareios)
Δαυλία	le territoire de Daulis
Δαφνίς	baie de laurier
Δελφοί	les habitants de Delphes
Δημ́ητριος	de Dèmèter
Δημήτριος	de Dèmèter
Διιπετής	qui vole à travers le ciel
Δικαία	le droit, la justice, les droits et les devoirs de chacun
Διογενής	Diogène
Διονύσια	fêtes de Bacchus
Διονύσιος	de Dionysos
Διοτρεφής	nourrisson de Zeus
Διόσκουροι	Kastôr (Castor)
Δρομῶν	navire de course
Δωρίς	Doride ; couteau dorien pour les sacrifices
Δωριεύς	Dôriée (le Dorien) (h.)
Δόλιος	fourbe, rusé, trompeur
Δῆλος	Dèlos (auj. Đílos)
Δῖα	tout, toute
Εἰλείθυια	Eileithyia
Εὐάγης	qui se meut facilement, souple, agile
Εὐανθής	Euanthès
Εὐγένης	Eugénès
Εὐκλέης	illustre, glorieux
Εὐκλεία	gloire
Εὐρωπία	l'Europe
Εὐρύκλεια	Eurykleia, nourrice d'Ulysse
Εὔιος	le dieu Bacchus
Εὔιππος	Euhippos, (h.)
Εὔκλεια	Eukleia (la glorieuse)
Εὖθυς	droit, direct
Θάσος	Thasos (auj. Thásos) (île)
Θέσσαλος	de Thessalie, Thessalien
Θέων	Théôn
Θαίς	sorte de bandage pour la tête
Θαλλός	Thallos, (h.)
Θεσσαλός	de Thessalie, Thessalien
Θεόδοκος	qui reçoit la divinité
Θεόπροπος	devin, prophète
Θηβαίς	région de Thèbes ; la Thébaïde
Θηβαῖος	Thèbæos
Θηρίκλειος	coupe de terre noire fabriquée par Thèriklès
Θησεῖα	fête de Thésée
Θησηίς	coiffure à la Thésée, avec le devant de la tête seul tondu ; Théséïde
Θορικός	qui concerne la semence génitale, séminal
Θράσυλος	Thrasyllos ou Thrasylos
Θρύον	Thryon (près d'Agulinita) (v.)
Θυία	mortier, vase à piler ; bassin pour jouer au cottabe
Θυμβραῖος	Thymbræos
Θυῖα	Thyia
Θῶραξ	Thôrax, (h.)
Κάλαις	turquoise
Κάλως	???? Renvoi sans Issue ????
Κάμειρος	Kameiros
Κάμπη	courbure
Κάπνιος	fumeterre
Κήρυξ	toute personne qui annonce à haute voix
Κίος	Kios (auj. Gemlik, Kíos) (v.)
Καδμηίς	descendante ou fille de Kadmos (Sémélè)
Καλή	tumeur, hernie ; bosse sur le dos d'un buffle
Καλλίνικος	chant de victoire
Καλλαβίς	danse lacédémonienne en l'honneur d'Artémis
Καλλιής	Kallias, (h.)
Καλλιγενεία	fêtes de Kalligéneia
Καμειρός	Kameiros
Καρίνη	femme de Carie, Carienne
Καρανός	chef, souverain
Καρυατίζω	danser la danse consacrée pour la fête d'Artémis de Karyes
Καῦνος	Kaunos
Κεγχρίας	sorte de serpent tacheté comme de grains de millet
Κηφίσιος	Kèphisios, (h.)
Κλάριος	le dieu de Klaros, Apollon
Κλειτός	gloire
Κλινικός	médecin qui visite des malades alités
Κοίλη	la vallée de l'Ilissus dans un enfoncement du sol
Κοιρανός	maître particulier
Κολχίς	la Colchide ; la Colchidienne (Médée)
Κορυφαῖος	le chef
Κορωνός	Korônos, (h.)
Κράθις	Krathis : n. d’un Sybarite
Κράταιις	force, vigueur
Κραταιίς	force, vigueur
Κρηνίς	dim. de κρήνη (source, fontaine)
Κρουσίς	la contrée de Krousis
Κρόνια	les fêtes de Kronos, le 12e jour du mois Hékatombæon
Κρόνιος	le fils de Kronos (Zeus)
Κρώβυλος	Krôbylos
Κρῖος	Krios
Κτήσιος	Zeus protecteur du foyer domestique
Κυάνη	Kyanè, (f.)
Κυνοσούρα	Kynosoura, « queue de chien »
Κυπρογένεια	la déesse de Chypre
Κωλιάς	la déesse de Kôlias (Aphroditè)
Κωλώτης	lézard tacheté
Κωπαίς	le lac Kôpaïs (Copaïs, auj. Kopaḯda)
Κόπτος	meurtri
Κότυς	Kotyttô ou Kotytô
Κύαθος	vase pour puiser ; sorte de coupe, tasse ; mesure de 2 κόγχαι ou de 4 μύστρα ; ventouse
Κύζικος	Kyzikos, (h.)
Κύρνος	Kyrnos
Κῶος	de Cos
Κῷος	de Cos
Λάγος	lièvre
Λήθαιος	qui fait oublier ; qui oublie facilement
Λής	désirer vivement, vouloir
Λίβυς	Libys
Λίνδος	Lindos
Λίσσος	Lissos (auj. Lezhë) (v.)
Λαΐος	grive
Λαίς	???? Renvoi sans Issue ????
Λαμπρός	Lampros, (h.)
Λανίκη	Laonikè, Lanikè, (f.)
Λαρισαῖος	sorte de vase fabriqué à Larisa
Λασίων	lieu fourré, couvert de bois touffus
Λατινος	Latinos (Latinus, fils d'Ulysse)
Λατῖνος	Latinos (Latinus, fils d'Ulysse)
Λεαίνα	lionne
Λευκάς	lamier, clair, éclatant
Λεύκη	caillou blanc, suffrage favorable
Λεύκοφρυς	aux sourcils blancs, bordé ou couronné de marbre blanc
Λητῷος	le fils de Latone (Apollon)
Λικύμνιος	de Likymnios
Λιμός	Limos, (h.)
Λοκρίς	la Locride
Λοκρός	de Locride
Λυδία	la Lydie
Λυδός	de Lydie, Lydien
Λυκιουργής	travaillé en Lycie, par Lykios
Λόκρος	de Locride
Λύγκος	Lynkos
Λύκη	peau de loup
Λύκιος	Lykios, (h.)
Λύσις	Lysis, (h.)
Μάγνης	de Magnésie
Μάγος	de magicien, magique, enchanteur
Μάριος	Marios (auj. Marí) (v.)
Μέμφις	Memphis, (v.) ruines
Μήδειος	Mèdeios
Μήδιος	de Médie, médique
Μήτις	Mètis, « la Sagesse »
Μίθρης	Mithras ou Mithrès
Μίλητος	Milet
Μαγνής	de Magnésie
Μαιάνδριος	du Méandre
Μακίστιος	n. grec du Perse Μασίστιος
Μαλίς1	Mâlis (nymphe)
Μαριανός	de Marius
Μεγακλέης	très illustre
Μεγαλοπολιτής	habitant ou citoyen d'une grande ville
Μεγαρίζω	visiter les μέγαρα de Dèmèter aux Thesmophories
Μεγαρίς	la Mégaride
Μεγαρεύς	Mégarée
Μελίσσευς	éleveur d'abeilles, apiculteur
Μελαίνα	la bile
Μεσαμβρίη	Mesambriè
Μεσσήνη	Mésènè ou Messènè (Messène)
Μεσσήνιος	de Messène ou de Messénie
Μηλίς	le territoire de Mèlis, la Mélide
Μιλήσιος	Milésien
Μινύης	un Minye
Μολοσσίς	le pays des Molosses
Μολοσσός	Molossos, (h.)
Μουνυχία	Mounikhia (Munichie)
Μουνυχίαζε	à Munichie
Μόριος	donné en partage
Μύλλος	mulet
Μύνης	Mynès, (h.)
Μᾶ	oui, par ce sceptre ; non certes, par Apollon, par Zeus ; non, par Zeus, je n'ai plus rien à te dire ; ne me laisseras-tu pas à ton tour ? Non certes ; oui certes ; non certes ; est qqf. omis après
Μῆδος	le Mède, le roi des Mèdes ; n. de l’Euphrate ; n. d'oiseau
Νάξιος	de Naxos
Νήριτος	Nèritos
Νίνος	Ninos, (époux de Sémiramis)
Ναός	navire, vaisseau
Ναύπλιος	Nauplios, (h.)
Νεῶν	Néôn (Tithorea) (v. de Phocide)
Νισαῖος	Nisæos, (h.)
Νυσαῖος	le dieu du mt Nysa, Bacchus
Νόμος	« part, portion »
Νῖνος	autre n. de la plante ἑλένιον (aunée)
Ξάνθος	Xanthe (Xanthos)
Ξενοδόκος	qui accueille les étrangers, hospitalier
Ξυστός	galerie couverte d'un gymnase avec une surface soigneusement aplanie, pour les exercices d'hiver
Οἴνοψ	de la couleur du vin, d'un rouge foncé
Οἶαξ	Œax
Οὐλυμπόθεν	de l'Olympe
Οὖτις	sorte de volatile, outarde
Πάγος	gelée
Πάνιον	fil roulé sur le fuseau ; sorte d'insecte
Πάραλος	qui se trouve près de la mer, maritime ; recruté parmi les régions ou les populations voisines de la mer
Πέρατος	qu'on peut traverser, guéable
Πέρσευς	sorte de poisson de la mer rouge
Πέρσης	Persès
Πήδασος	Pèdasos
Πίθων	singe
Πίσος	pois
Παίονες	les Pæones
Παίων	Pæôn, (h.)
Παιονίδης	originaire ou habitant du dème att. Pæonides
Παιωνιά	la secourable (Athèna)
Παιώνειος	propre à guérir, salutaire
Παιώνιος1	médecin
Παιώνιος2	médecin
Παναθηναικός	Discours sur les Panathénées
Πανοπεύς	Panopée, (h.)
Παρθένος	vierge
Παρράσιος	Parrhasios
Πασαργάδαι	Pasargades (auj. Mādar e Soleymān)
Πεδίον	la plaine de Rharos ou Raros
Πεδιάς	plaine
Πειραιεύς	le Pirée
Πειραικός	de la frontière
Πελοποννήσιος	habitant du Péloponnèse
Πελωρίς	le cap Pélôron
Περσίς	la Perse (auj. Fars)
Περσικός	l'oiseau de Perse, le coq
Πηλείων	le fils de Pélée (Achille)
Πηλεύς	Pélée
Πιερίς	: la Muse
Πιτανᾶτις	de Pitanè
Πιτθεύς	Pitthée
Πιτυοῦσσα	abondant en pins
Πλεῖστος	Pleistos (auj. Plístos ou Plistós) (fl.)
Πολιάς	la protectrice de la ville
Πολυδέκτης	qui reçoit une grande foule
Πολυεύκτος	très désiré ou longtemps désiré
Ποσειδώνια	fêtes de Poseidôn
Ποσειδώνιος	de Poseidôn
Ποτιδαία	Potidée (auj. Néa Potíđea) (v.)
Ποτιδαιάτης	habitant de Potidée
Ποτιδαιατικός	de Potidée
Πρίαπος	Priape
Πρίνος	fleur de l'yeuse, kermès
Πραξίς	Praxis, (h.)
Προσώπιτις	molène commune
Πρωρεύς	commandant de l'avant d'un navire, timonier
Πρωτογενεία	le premier-né, le plus ancien
Πρόμος	chef
Πρών	avant-hier ; tout dernièrement, tout récemment
Πυθαγορικός	disciple de Pythagore
Πυθαγόρειος	disciple de Pythagore ; disciple de Pythagore pour l'enseignement ésotérique
Πυθιάς	la Pythie ; les jeux Pythiques ; période Pythique ; voie Pythique, route de Delphes à Tempé ; cérémonie sacrée ou sacrifice à Delphes
Πυλαία	assemblée de Pyles ou conseil des Amphictions
Πυλᾶτις	Pylæos
Πυρρώνειος	disciple de Pyrrhon, philosophe sceptique
Πόθος	le Désir personnifié
Πύθια	Pythios
Πύθιος	Pythios
Πύλαιος	Pylæos
Πύλιος	de Pylos
Πύρασος	Pyrasos
Σάμιος	habitant de Samos, Samien
Σάμος	Sèmos ou Samos, (h.)
Σέξτιος	Sextius, (h. rom.)
Σήστιος	de Sestos
Σίδη	nénuphar blanc
Σίπυλος	le Sipylos (auj. Spil)
Σίρις	Siris
Σαβάζιος	Sabazios, (divinité thraco-phrygienne)
Σαβός	Sabazios, (divinité thraco-phrygienne)
Σαρπηδών	Sarpèdon
Σειληνός	Silènos (Silène)
Σεξτίλιος	du mois Sextilis
Σεπτέμβριος	Septembre
Σερίφιος	habitant de Sériphos
Σεραπίων	Sarapiôn, (h.)
Σιδόνιος	de Sidon, Sidonien
Σιδών	Sidon (auj. Saïda) (v.)
Σικανός	habitant de la Sicanie
Σικυώνια	chaussure de femme à la mode sicyonienne
Σιμοείσιος	du Simoïs
Σιμούντιος	du Simoïs
Σκίρα	fête d'Athèna, « la fête des Parasols »
Σκίρον	croûte de fromage
Σκαιός	Skæos, (h.)
Σκαμάνδριος	du Scamandre
Σκοτοῦσσα	Skotoussa, « la Sombre », (v.)
Σκῖρος	dur, endurci
Σουσίς	la province de Suse, la Susiane
Σπάρτακος	Spartokos
Σπαρτός	n. de plantes
Στράτος	Stratos (auj. ruines près du village moderne de Strátos, non loin de Lepenoú) (v.)
Συνετός	Synétos, (h.)
Συράκουσα	Syracuse (auj. Siracusa) (v.)
Συρία	la Syrie
Συρίζω	agir ou parler en Syrien
Σχοίνευς	sorte d'oiseau inconnu
Σωσικλῆς	Sôsiklès, (h.)
Σωτηρία	sacrifices en actions de grâces d'une guérison, d'un heureux retour
Σύβαρις	Sybaris
Σύριος	habitant de Syros ou Syra
Σώτειρα	sorte de contrepoison
Τάλαος	qui supporte patiemment ou avec courage ; qui prend sur soi, qui se charge, entreprenant, hardi, courageux
Τίτῦρος	Tityros
Ταράντινος	cavalier d'un corps de cavalerie légère
Ταραντῖνος	cavalier d'un corps de cavalerie légère
Ταρπήιος	Tarpeius, (h. rom.)
Τεγεᾶτις	le territoire de Tégée
Τελαμών	Telamôn
Τελφούσα	Telphousa
Τενθρήδων	sorte d'abeille ou de guêpe (la suceuse)
Τιρίβαζος	Tiribaze
Τιτάνιος	de la race des Titans
Τυδεΐδης	ce fils de Tydée si connu
Τυρρηνός	Tyrrhènos
Τόμος	coupant, tranchant ; précis, clair
Τύραννος	le fils d'un tyran, le jeune prince
Τύρης	Tyras ou Tyrès, (fl.) (Dniestr)
Φάρσαλος	de Pharsale
Φαίνοψ	aux yeux brillants, brillant
Φαίνων	la planète brillante, Saturne
Φαλής	phallus
Φαλίος	noir et tacheté de blanc
Φανός	clair
Φθιῶτις	la Phthiotide
Φιλήτης	trompeur, voleur
Φιλίππειος	un philippe, une pièce d'or à l'effigie de Philippe
Φιλητᾶς	Philètas
Φιλιππεῖος	un philippe, une pièce d'or à l'effigie de Philippe
Φιλότιμος	Philotimos, (h.)
Φλέγυας	sorte d'aigle ou de vautour
Φλεγραῖος	de la plaine de Phlègres
Φοῖνιξ	Phœnix
Φρόντις	Phrontis, (h.)
Φρύγιος	de Phrygie, phrygien
Φρύξ	de Phrygie, Phrygien
Φωκίς	la Phocide ; sorte de poire
Φύσκος	Physkos, (v.)
Φᾶιστος	Phæstos
Φᾶσις	Phasis, (v.)
Χάος	noble, vénérable
Χαλυβδικός	l'acier
Χαρισιός	sorte de gâteau
Χείμαρρος	&gt; χειμάρροος
Χερρόνησος	presqu'île, péninsule
Χλωρίς	Khlôris (Chloris)
Χρομίος	le maigre ou ombrine
Χρύσις	objet d'or
Χῆρα	veuve
Χῖος	vin de Khios
άδος	satiété, dégoût
ατος	insatiable de
αἰανής	éternel
αἰγίβοτος	pâturage pour les chèvres
αἰγιβότος	pâturage pour les chèvres
αἰγόκερως	le Capricorne
αἰγών	Ægôn, (fl.)
αἰδοῖον	arrière-garde d'une armée ; partie postérieure, prolongement en arrière
αἰθος	feu, flamme, ardeur
αἰολίζω	tromper en inventant des récits variés
αἰπος	escarpement, hauteur, montagne
αἰσχρουργέω	commettre des actions honteuses ; commettre des obscénités
αἰσχρουργία	action honteuse ; obscénité
αἰσχρουργός	qui commet une action honteuse ; obscène
αἰχμαλωτίς	captive de guerre
αἱμόρροος	serpent d'Afrique dont la morsure cause des hémorrhagies
αἴθαλος	fumeux ; qui est comme noirci par le feu, noir
αἴλινος	chant plaintif, lamentation
αἴτιος	l'accusé
αἵμων	avide de, passionné pour, habile à
αἶθος	feu, flamme, ardeur
αὐθαδία	confiance présomptueuse, suffisance, infatuation, arrogance
αὐλίδιον	petite cour
αὐονή	sécheresse
αὐτίκα	le moment présent
αὐτοδάξ	avec les dents mêmes (ou en se mordant soi-même) ; en retenant avec les dents mêmes, en tenant ferme, opiniâtrement
αὐτοπυρίτης	pain de farine pure
αὐτόθεν	les gens du pays ; du lieu même où une chose se trouve ou se fait
αὐτόθι	là même
αὐτόνοος	qui a sa volonté propre, obstiné, opiniâtre
αὐτόπυρος	pain de farine pure
αὐτός	de même que..., de même
αὐτόφονος	qui se tue ou tue les siens de sa main
αὐχένιος	tunique (serrée au cou)
αὔλειος	de la cour (d'une maison)
αὔριον	le lendemain tôt, le matin
αὔω1	allumer, enflammer
αὔω2	allumer, enflammer
αὖθι	là même
αὖθις	la postérité
βάθος	eau profonde, haute mer, ou profondeur des terres, intérieur d'un pays
βάιον	un peu
βάρβαρος	les pays étrangers, non helléniques
βάσκανος	sorcier
βάταλος	le derrière ; débauché
βάτος1	sorte de raie
βάτος2	sorte de raie
βασίλειον	demeure ou résidence royale ; capitale d'un royaume ; trésor royal ; insigne de la royauté, diadème
βασιλεύς	le chef du γένος
βασιληίς	reine
βαταλίζομαι	vivre en débauché
βατραχίς	petite grenouille, rainette
βικίον	vesce
βλάσφημος	blasphémateur
βοέη	peau de bœuf
βοίδιον	dim. de βοῦς (bœuf)
βοηθόος	auxiliaire
βοηθός	auxiliaire de, défenseur de
βοηλατέω	pousser un cri ou des cris
βοιόν	Bœon, (v.)
βοσκάς	sorte de canard
βοτρυῖτις	sorte de pierre précieuse en forme de grappe
βουβότης	bouvier
βουδόρος	couteau pour écorcher les bœufs
βουζύγιος	fête des laboureurs à Éleusis
βουκέραος	fenu grec
βουκολίς	nourriture des bœufs
βουνίτης	qui vit sur les collines
βουτύπος	l'insecte qui tourmente les bœufs, le taon
βουφορβός	bouvier ou éleveur de bœufs
βουφόνος	sacrificateur chargé d'égorger les bœufs pour le sacrifice
βούκερως	&gt; βούκερας
βούκολος	Boukolos, (h.)
βούπαις	jeune garçon
βούτης	bouvier
βούφονος	sacrificateur chargé d'égorger les bœufs pour le sacrifice
βοῦς	peau de bœuf, bouclier recouvert de peau de bœuf
βρομιάς	sorte de coupe
βροχίς	écritoire
βρωμάομαι	braire
βρωμήεις	âne
βρωτήρ	l'insecte dévorant, la teigne
βρόμιος	le vin
βρόμος	frémissement, grondement, pétillement du feu
βρῶμος	ce qu'on mange ; ce qui est mangé ou rongé ; action de dévorer
βόρμος	frémissement, grondement, pétillement du feu
βόσπορος	le Bosphore de Thrace (auj. le détroit d'Istanbul) côte du Bosphore de Thrace
βύζω	bourrer, presser, être dru, serré, fréquent
βύκτης	ouragan
βᾶ	ô roi !
βῆ	???? Renvoi sans Issue ????
γάιος	terrestre
γάλα	la voie lactée
γάνος	éclat d'un liquide limpide et brillant, aspect riant ou joyeux
γάποτος	qui doit être bu par la terre (liquide, libation, etc.)
γάστρις	sorte de gâteau
γέντο	devenir, (p. opp. à « être »)
γήλοφος	colline
γαλαξίας	la voie lactée
γαμήλιος	gâteau de noces
γατόμος	qui fend la terre (pour le travail des champs)
γε	bien, à merveille, parfaitement
γεγωνός	pousser des cris, crier ; se faire entendre en criant ; parler ; faire un bruit qqconque, résonner
γελωτοποιός	bouffon
γενέθλιος	jour de la naissance
γενέτης	celui qui engendre, père ; celui qui est engendré, fils
γενεθλιακός	tireur d'horoscopes
γενεσιουργός	auteur de l'existence, créateur
γεωγράφος	le Géographe, Strabon
γεωμετρικός	versé dans la géométrie, habile géomètre
γεωργικός	habile agriculteur, bon fermier
γεώγραφος	le Géographe, Strabon
γεώλοφος	colline de terre, colline
γεῖσσον	partie saillante, corniche ou rebord d'un toit ; parapet, créneau ; frange ou bordure d'un vêtement
γλεῖνος	sorte d'érable
γλυκύς	vin fait de raisins desséchés au soleil
γλωττίς	languette ou embouchure d'un instrument à vent (flûte, etc.) ; glotte, luette ; sorte d'oiseau échassier
γλωττοειδής	semblable à une langue
γναφεύς	cardeur, foulon ; sorte de poisson
γνωτός	parent par le sang
γνώριμος	disciple, p. opp. à maître
γουνός	genou ; nœud d'une tige, point d'arrêt de sa pousse annuelle
γραμμή	la ligne ou ligne sacrée, la ligne médiale entre les deux camps
γραμματεύς	le greffier va donner lecture
γραμματικός	qui enseigne à lire et à écrire
γραφή	crime de désertion militaire
γραφιοειδής	semblable à un poinçon (os)
γραῖα	vieille femme
γρουνός	bois sec, fagot
γρύζω	faire fondre, liquéfier
γυμνάς	athlète
γυμνής	soldat armé à la légère
γυναικωνῖτις	appartement des femmes, gynécée ; place des femmes dans le Temple ; l'ensemble des femmes d'un prince d'Orient, les femmes, le harem
γόγγυλος	rond, arrondi
γόνος	les enfants
δάιος	qui sait, expert, habile
δάις2	combat, mêlée
δάνος	la mort
δέομαι	lier
δέον	???? Renvoi sans Issue ????
δέω1	trouver
δέω2	trouver
δή	quelque jour, quelquefois
δήμιος	exécuteur public, bourreau
δίγλωσσος	interprète
δίειμι	durer, continuer
δίεσις	action de mouiller, humidité
δίκη	action en justice pour refus de témoignage
δίμηνος	durée de deux mois
δίοπος	surveillant, chef
δίοπος2	surveillant, chef
δίπους	sorte de rat de Libye qui saute sur ses deux pieds de derrière
δίφθογγος	son double, diphtongue
δαίμων	qui sait, qui connaît, habile dans
δαίω1	diviser, partager ; être divisé ; déchirer ; diviser, partager ; distribuer ; partager (pour soi) par la force, arracher ; dévorer (une proie)
δαίω2	diviser, partager ; être divisé ; déchirer ; diviser, partager ; distribuer ; partager (pour soi) par la force, arracher ; dévorer (une proie)
δαμώματα	chansons populaires
δανειστικός	usurier
δείελος	le soir
δεδίσκομαι	saluer du geste
δεκάτη	la dixième partie, la dîme ; fête du 10 jour après la naissance, jour où l'on donnait un nom au nouveau-né
δενδροφόρος	terre plantée d'arbres, verger
δεσπόσυνος	fils du maître de maison
δεύτερος	le second
δεύω1	manquer, ne pas réussir à
δεύω2	manquer, ne pas réussir à
δεῖνα	un tel, le premier venu
δηιφόβος	qui effraie l'ennemi
δημήγορος	orateur populaire ; orateur qui flatte le peuple, démagogue
δημηγόρος	orateur populaire ; orateur qui flatte le peuple, démagogue
δημοκήδης	qui soigne les intérêts du peuple
δημοσίᾳ	au nom de l'État ; pour le service de l'État ; aux frais de l'État ; par une décision publique, du consentement de tous ; mourir de la main du bourreau
δημόκοινος	exécuteur public, bourreau
δημόσιος	crieur public ; agent ou garde de police ; greffier de l'État ; exécuteur public, bourreau ; empoisonneur, magicien, sorcier
διάβολος	homme médisant, calomniateur
διάδοχος	le successeur
διάδρομος	lieu par où l'on passe (par où l'on court), passage
διάπλοος	qui navigue à travers, ou qui navigue sans cesse
διαγώνιος	ligne en diagonale, diagonale
διαδικέω	commettre une grave injustice
διαδοχή	la succession, les successeurs
διαείδω1	ne pas chanter à l'unisson, ne pas chanter d'accord ; chanter dans l'intervalle ; ne cesser de chanter
διαείδω2	ne pas chanter à l'unisson, ne pas chanter d'accord ; chanter dans l'intervalle ; ne cesser de chanter
διαπεττεύω	risquer sur un coup de dés
διαρρώξ	fragment, parcelle
διδυματόκος	qui met au monde des jumeaux
διερός	qui épouvante, qui fait fuir ; qui fuit (de frayeur), agile
δικαία	le droit, la justice, les droits et les devoirs de chacun
διξός	double ; l'un ou l'autre
διολισθάνω	glisser à travers ; échapper à
διπλόη	signe critique
δισπόνδειος	double spondée
διχόμηνος	pleine lune
διώνυμος	avec deux noms
δοάζω	faire paraître, se montrer
δολίχουρος	à queue allongée
δονακῖτις	aubépine
δουλιχόδειρος	au long cou
δουρατόγλυφος	taillé ou sculpté en bois
δουροτόμος	bûcheron
δράστης	esclave fugitif
δρακοντίας	de dragon
δραπέτης	esclave fugitif, déserteur
δραστήρ	serviteur (celui qui fait la besogne)
δρηστήρ	serviteur (celui qui fait la besogne)
δρομάς	femme à la démarche précipitée ; coureuse, femme de mauvaise vie
δροσίη	rosée, écume (d'un cheval)
δυσήνιος	mécontent de tout, chagrin, morose
δυσαχής	au bruit terrible ; qui a un son sourd ; qui sonne d'une manière désagréable, dont le nom est odieux
δυσμάτωρ	d'une mère dénaturée
δυσσύμβολος	d'un commerce difficile, peu sociable
δυσσύνετος	difficile à comprendre
δυτικός	le plongeur
δωδεκαδάκτυλος	le duodénum
δύσαυλος	qui rend le séjour en plein air difficile, incommode
δύστομος	qui a la bouche dure
δύω1	deux ; deux parties (sur trois), les deux tiers
δύω2	deux ; deux parties (sur trois), les deux tiers
δώς	don, présent
δᾷος	torche, flambeau
εἰκός	ce qui paraît bon, juste, naturel, convenable
εἰκότως	semblablement à ; vraisemblablement, naturellement, comme on peut le penser
εἰρίνεος	de laine
εἴκω	être semblable à, ressembler à
εἴρω	nouer, attacher, entrelacer
εἴρω2	nouer, attacher, entrelacer
εἴσω	à l'intérieur
εἶπον	parler, dire
εὐήμερος	tranquille, serein, doux
εὐαγής1	qui se meut facilement, souple, agile
εὐαγής2	qui se meut facilement, souple, agile
εὐαγής3	qui se meut facilement, souple, agile
εὐαγορία	éloge, louange
εὐαλάκατος	qui a une belle quenouille
εὐαυγής	qui se meut facilement, souple, agile
εὐαυγία	clarté lumineuse, lumière pure
εὐβλαστία	végétation vigoureuse ou rapide
εὐεπίβολος	qui obtient facilement ce qu'il désire, habile ; facile à atteindre, à obtenir
εὐθής	droit, direct
εὐθαλής	bien nourri (des sucs de la terre), fécond, abondant
εὐθύβολος	qui va droit au but, qui atteint le but, juste, exact
εὐθύς1	droit, direct
εὐθύς2	droit, direct
εὐκτέανος1	riche
εὐκτέανος2	riche
εὐμαχος	bon ou facile à combattre
εὐμελής	harmonieux, mélodieux
εὐνητήρ	époux
εὐνομία	ordre bien réglé
εὐοψία	beau visage
εὐπάξ	bien assemblé, bien construit ; compact, dense ; qui gèle facilement
εὐπάρυφος	vêtement orné d'une belle bordure (de pourpre)
εὐπέταλος	sorte de laurier ; sorte de pierre précieuse
εὐρυγένειος	à la barbe large ou épaisse
εὐρύοπα	qui voit au loin
εὐρώεις	large, vaste, spacieux
εὐφροσύνη	la bienfaisante, la nuit
εὐωπός	n. d'un poisson
εὐώνυμος	fusain, arbrisseau
εὔγειος	terre fertile
εὔιππος	Euhippos, (h.)
εὔκηλος	qui brûle facilement
εὔκνημος	polycnème, (aux pieds nombreux)
εὔνομος	riche en pâturages
εὔπλοια	heureuse navigation
εὔρινος1	???? Renvoi sans Issue ????
εὔρινος2	???? Renvoi sans Issue ????
εὔψυχος	plein d'âme, courageux, ardent
εὔωρος	qui ne prend pas soin de, qui néglige
εὖ	obliger à son tour
εὖνις1	privé de
εὖνις2	privé de
εὖρος	en largeur
ζωρός	pur, sans mélange
ζωστήρ	ceint pour le combat
ζωόφορος	qui porte des animaux, orné de figures d'animaux
ζόφος	ténèbres, obscurité ; obscurité (de l'âme)
ζῆλος	???? Renvoi sans Issue ????
ζῳδιακός	le zodiaque
θάλασσα	la mer Rouge
θάλεια	végétation de jeunes pousses
θάμβος	???? Renvoi sans Issue ????
θάομαι	sucer ; traire ; faire sucer, allaiter
θέω	poser, placer ; déposer ; mettre dans telle situation, dans tel état ; poser en principe ; établir, produire ; poser qqe ch. à soi, pour soi ou sur soi ; déposer pour soi ; mettre pour soi, dans son intérêt, dans telle situation, dans tel état ; poser un principe pour soi, admettre ; établir, produire
θαλέω	fleurir, verdoyer ; faire fleurir ou verdoyer, faire croître
θαλαμήπολος	servante de chambre, femme de chambre
θαλαμηγός	sorte de gondole égyptienne
θαλαμηπόλος	servante de chambre, femme de chambre
θαλαμιός	rameur du rang inférieur
θαμβός	???? Renvoi sans Issue ????
θαρσέω	avoir confiance, être résolu, hardi, courageux
θαρσαλέος	confiant, résolu ; qui inspire la confiance, la résolution
θαρσαλεότης	confiance, hardiesse
θαρσούντως	avec confiance ou hardiesse
θαρσύνω	encourager, donner bon courage à ; avoir bon courage
θαυματοποιός	jongleur, charlatan
θειόω	purifier par le soufre
θειώδης	sulfureux
θεμέλιος	pierre de fondation
θεμελιοῦχος	pierre fondamentale
θεοδώρητος	sorte de remède
θεοπρόπος	devin, prophète
θεοφάνια	manifestation de Dieu
θεσμοφόρος	le législateur (Dionysos)
θεσπιῳδός	prophétesse
θετικός	le positif
θεωρηματικός	le théoricien ou le dogmatique.
θεός	il ne cesse de pleuvoir
θεόσσυτος	envoyé par les dieux
θεόφημος	qui annonce la volonté des dieux
θεῖον1	la divinité
θεῖος1	oncle paternel ou maternel
θεῖος2	oncle paternel ou maternel
θηρόβοτος	pays peuplé de bêtes sauvages
θησεῖον	de Thésée
θοάζω	s'asseoir, être assis
θολός	trouble
θοραῖος	Apollon qui préside à la génération et à la croissance
θορικός	qui concerne la semence génitale, séminal
θρασύδειλος	sorte de pierre dans l'Eurotas
θρεπτός	esclave né dans la maison
θρυλίζω	faire une fausse note sur la flûte
θρᾷττα	de Thrace ; femme thrace
θυηπόλος	prêtre chargé du sacrifice et de la divination
θυιάς	bacchante
θυμώδης	semblable au thym
θυώδης	qui a une odeur d'encens, parfumé, odorant (vêtement, autel, temple, fumée, etc.)
θύμος	thym, odoriférante ; mélange de thym, de vinaigre et de miel, oignon sauvage, nourriture des pauvres ; excroissance charnue
θύραθεν	les ennemis
θύσις	sacrifice ; victime pour le sacrifice
θύω1	s'élancer impétueusement, bondir, se précipiter avec fureur
θύω2	s'élancer impétueusement, bondir, se précipiter avec fureur
θῦσις	sacrifice ; victime pour le sacrifice
κάθετος	ligne pour pêcher
κάλαις	turquoise
κάλη	tumeur, hernie ; bosse sur le dos d'un buffle
κάλλος	caroncule de coq
κάλως	???? Renvoi sans Issue ????
κάμμορος	crevette
κάμπη	chenille (qui se pelotonne sur soi-même)
κάνναβος	modèle en cire, en terre glaise ou en plâtre à l'usage des sculpteurs, représentation du squelette
κάνναθρον	charrette ou voiture recouverte de nattes de jonc ou d'osier
κάπνιος	fumeterre
κάπριος	sanglier
κάρ	par apoc. et assimil. devant un ρ p. κατά
κάρα	tête ; visage, aspect
κάρειον	tête ; visage, aspect
κάρκαρος	???? Renvoi sans Issue ????
κάρος	chervis
κάρτιστος	très fort ou le plus fort
κάρτος	force
κάταγμα	fracture
κάτοπτος	grillé, rôti
κάτοχος	sorte de catalepsie
κάτω	les habitants des enfers, les morts
κάτωθεν	d'en bas, de dessous ; postérieurement, dans la suite
κέλης	cheval de selle
κέρχνος	grain de mil, millet
κέω	fendre
κήρ	cœur organe du corps ; poitrine
κίσσηρις	pierre ponce
καί	&gt; ἄν ; et en effet ; et certes ; et... aussi, et... de plus ; et déjà, et voilà que ; même si, quand même, quand bien même ; et en outre ; et certes, et en vérité ; et alors en ce moment même ; &gt; καίπερ ; et donc, et alors ; et même ; &gt; καίτοι
καθόλου	d'une manière générale, généralement ; le général ou l'idéal
καιρία	les circonstances favorables, l'opportunité
κακοπάθεια	mauvais traitement, souffrance, vexation
καλαμευτής	moissonneur
καλλίνικος	chant de victoire
καλλιέλαιος	olivier cultivé
καλλιώνυμος	sorte de poisson
καμπτός	&gt; καμπτήρ
καμπύλη	bâton recourbé
καρπισμός	épuisement de la terre à force de produire
καρυατίζω	danser la danse consacrée pour la fête d'Artémis de Karyes
κασίγνητος	sœur
κασσία	laurier-casse ou faux cannelier, fausse cannelle ou casse
κατά	de haut en bas ; en arrière ; du haut de ; en suivant de haut en bas, en descendant ; en tombant sur ; en regardant vers
κατάγλωττος	bavard ; plein de mots recherchés ou inusités
κατάδρομος	corde tendue pour les danseurs de corde
κατάρροος	flux d'humeurs
καταδέω	lier solidement, attacher fortement ; bander, fermer ; condamner après avoir convaincu ; attacher pour soi ou à soi ; lier à soi (par un serment, etc.)
καταδέω1	lier solidement, attacher fortement ; bander, fermer ; condamner après avoir convaincu ; attacher pour soi ou à soi ; lier à soi (par un serment, etc.)
καταδέω2	lier solidement, attacher fortement ; bander, fermer ; condamner après avoir convaincu ; attacher pour soi ou à soi ; lier à soi (par un serment, etc.)
κατακλάω	déplorer
κατακτός	qu'on peut abaisser
καταλέγω	nommer ou inscrire l'un après l'autre
κατανίφω	il neige
καταντία	lieu en pente
καταπάλτης	catapulte ; sorte d'entraves
καταπαλτικός	propre à lancer des traits (machine)
καταχής	retentissant
κατηγορικός	accusateur
καυνός	lot échu par le sort, sort
καῖρος	l'Occasion
καῦσος	chaleur excessive
κείω	fendre
κείω1	fendre
κείω2	fendre
κεγχρίας	sorte de serpent tacheté comme de grains de millet
κεγχρίτης	sorte de serpent
κεράς	la Corne
κεράω	mêler, mêler de l'eau au vin ou à un liquide ; mêler
κεραμίς	terre de potier, argile
κεραστίς	qui a des cornes, cornu
κερδῷος	qui préside au gain
κεροῦχος	cordage servant à maintenir la vergue, et destiné à porter le dauphin
κεστός	ceinture brodée
κηραίνω	détruire, gâter, corrompre
κηρόω	perdre, détruire
κητώεις	rempli d'énormes poissons
κιθαριστικός	musicien habile à jouer de la cithare
κισσοειδής	la cissoïde
κισσώδης	qui a des envies
κιττάω	avoir des envies ; devenir grosse, concevoir
κιχλίζω	rire aux éclats
κλάσις	lat. classis
κλάω	pleurer
κλίσιον	habitation des esclaves près de celle du maître
κλείω1	fermer avec une barre, un verrou ou une clef ; clore, fermer ; enfermer
κλείω2	fermer avec une barre, un verrou ou une clef ; clore, fermer ; enfermer
κλεινός	jeune garçon recherché pour sa beauté, chez les Doriens
κλεισίον	habitation des esclaves près de celle du maître
κληματῖτις	plante sarmenteuse, clématite
κλινικός	médecin qui visite des malades alités
κλῆρος	insecte qui ronge les ruches d'abeilles
κνηκός	le loup
κοιλάς	creux, cavité
κοκύαι	les grand-mères.
κολαστής	qui réprime, qui châtie
κολλητός	bien ajusté (char, porte, etc.)
κολοκάνος	grand homme long et maigre
κομέω	être chevelu, avoir une chevelure longue ; avoir une longue crinière ; être longue ou forte ; prendre soin de sa chevelure ou porter sa chevelure longue, être fier, s'enorgueillir
κομήτης	astre chevelu, comète
κοντός	perche, bâton
κοριοειδής	noir comme la prunelle des yeux
κορυφαῖον	le haut, le sommet, le point culminant (d'un toit, etc.)
κορυφαῖος	le chef
κορωνίς	ligne recourbée, coronis ; couronne ; signe recourbé, coronis
κοττίς	tête
κουλυβάτεια	autre nom de la plante ἑλξίνη (pariétaire)
κουρίζω	étêter un arbre
κουρίς	ciseaux ou rasoir ; coiffeuse
κοῖος	quel ? de quelle nature? de quelle espèce ? ; quel temps, combien de temps ? ; de quelle origine?
κράμβος	rôti, grillé, desséché
κράνος	cornouiller
κραδάω	balancer pour lancer, brandir ; secouer, agiter ; faire trembler
κραταιίς	force, vigueur
κραῦρος	sec, friable
κρηνίς	dim. de κρήνη (source, fontaine)
κρηνιάς	source, fontaine
κριβανίτης	pain cuit au four de campagne
κριβανωτός	pain cuit au four de campagne
κριτικός	le critique
κροκωτός	tunique de couleur jaune pour les femmes
κροκόεις	&gt; κροκωτός
κροκώδης	semblable au safran
κροτών	Krotôn (Crotone, Crotone) (v.)
κρυπτός	espion
κρυφᾶ	en cachette, en secret
κρυφῆ	en cachette, en secret
κρώβυλος	Krôbylos
κρᾶ	cornouiller
κρῆθεν	depuis la tête ou le sommet, de fond en comble, entièrement
κτίλος	bélier.
κυκλάς	rond, circonférence
κυνάς	crotte de chien (poil de chien) ; pâte pour se nettoyer les mains, quand on avait donné à manger aux chiens
κυνηγετικός	chasseur
κυρία	maîtresse de maison, dame
κωλῆ	cuisse d'un animal ; membre viril
κωμικός	poète ou acteur comique
κωρίς	crabe
κωτιλάς	hirondelle
κόβαλος	lutin ou génie malfaisant, qui joue de vilains tours
κόιλος	creux ; creusé, travaillé en creux, ciselé
κόλος	le renne
κόρακος	sorte de poisson
κόραξος	sorte de poisson
κόριον	jeune fille
κόρις	punaise
κόρος1	ordure, immondice (ce qu'on balaye)
κόρος2	ordure, immondice (ce qu'on balaye)
κόρος3	ordure, immondice (ce qu'on balaye)
κόρσεον	racine du lotus aquatique
κόρση	côté de la tête ; la tête entière
κόσμιον	décence, modestie
κύαθος	vase pour puiser ; sorte de coupe, tasse ; mesure de 2 κόγχαι ou de 4 μύστρα ; ventouse
κύανος	substance d'un bleu sombre ; minerai bleu ; lapis-lazuli ; oiseau à plumage bleu
κύμβαχος	cimier d'un casque
κύμβος	???? Renvoi sans Issue ????
κύριος	maître, souverain ; l'empereur ; maître de maison, chef de famille ; maître d'esclaves ou de domestiques ; tuteur, curateur
κύρνος	Kyrnos
κύων	le chien d'Hadès, Cerbère
κώμυς	botte de fourrage
κώριον	jeune fille
κἀν	par sync. et assimil. p. κατά
κῶρος	ordure, immondice (ce qu'on balaye)
λάθρῃ	secrètement, en cachette ; par surprise, traîtreusement ; insensiblement, peu à peu
λάω1	regarder, voir
λάω2	regarder, voir
λέγω1	rassembler ; choisir ; se choisir
λέγω2	rassembler ; choisir ; se choisir
λέγω3	rassembler ; choisir ; se choisir
λέκιθος	jaune d'œuf
λέπαργος	l'animal à peau blanche ou grise, l'âne
λήθαργος	sommeil léthargique, léthargie
λίαν	l'excès, la violence
λίβανος	arbre à encens
λίθος	pierre, substance
λίς1	lion
λίς2	lion
λίτρον	nitre
λίψ1	vent du S. O., « le pluvieux »
λίψ2	vent du S. O., « le pluvieux »
λαιμός	creux, profond ; vorace ; hardi, effronté
λαιός	grive
λαμπάς1	éclairée, brillante de la lueur des flambeaux
λαμπάς2	éclairée, brillante de la lueur des flambeaux
λαοσσόος	qui sauve le peuple
λαοτύπος	tailleur de pierres
λαχμός	sort, lot
λεία	butin
λείρινος	de lis
λειπογνώμων	qui ne marque pas, qui a perdu ses dents et dont on ne peut connaître l'âge
λειτουργός	licteur ; ouvrier d'administration (charpentier, sapeur, etc.) ; ministre du culte
λειφαιμέω	perdre son sang ; devenir exsangue ou pâle
λεπράς	colline raboteuse
λεπτόν	d'une voix délicate
λευκάς	lamier, clair, éclatant
λευκόινος	couronne de giroflée
λευστήρ	celui qui lapide
λευχηπατίας	qui a le foie blanc, simple, modeste, timide
λεωφόρος	rue ou route
λεύκοφρυς	aux sourcils blancs, bordé ou couronné de marbre blanc
ληδίον	dim. de λῇδος (vêtement léger)
ληναῖος	le dieu du pressoir, Dionysos
λιβανωτοφόρος	le pays de l'encens
λιθοβόλος	machine à lancer des pierres, baliste ou pierrier
λιθουργός	tailleur de pierres
λιθοφόρος	machine à lancer des pierres
λιθόφορος	machine à lancer des pierres
λιμήν	Ôrikos (auj. Orikum)
λιμνῆτις	&gt; λίμνηστις
λιπαρία	graisse
λιπόρρινος	qui n'a plus de peau, écorché
λισσάς	roche unie, lisse
λοίδορος	insulteur
λογάδες	recueilli ; choisi, d'élite ; éloquent
λογικός	prosateur
λογιστικός	habile calculateur
λογχοφόρος	soldat armé d'une lance
λοιγός	pernicieux, funeste
λουτροφόρος	statue de jeune femme portant l'eau de ce bain et qu'on plaçait sur la tombe des célibataires
λυγγούριον	ambre fossile (urine de lynx)
λυκεία	casque en peau de loup
λυκοσπάς	cheval sauvage
λυρικός	joueur de lyre
λυχνίον	dim. de λύχνος (lampe)
λόφος	le mt Aventin
λύγξ1	lynx, loup cervier
λύγξ2	lynx, loup cervier
λύχνιον	dim. de λύχνος (lampe)
λῃδίον	dim. de λῇδος (vêtement léger)
λῆδος	lédum, arbrisseau qui donne le λήδανον
λῆξις1	cessation, fin
λῆξις2	cessation, fin
μάγαδις	sorte de harpe à vingt cordes
μάλιον	tout à fait, très, fort, beaucoup ; plus ; plutôt ; de plus en plus ; trop, plus qu'il ne convient » ; tout à fait, très ; plus
μάλιστα	le plus possible
μάμμη	maman, mère ; grand' mère ; sein de la mère, mamelle
μάννα	la manne des Israélites
μάντις	mante
μάρμαρος	pierre blanche ou brillante
μάτη	recherche
μέγαρον	grande salle
μέλε	mon ami ! mon bon ami !
μέλη	poésie lyrique
μέλινος	millet ; champs de millet
μέλιττα	abeille ; miel
μένω	avoir un désir, désirer, souhaiter, vouloir ; R. penser
μέσακτος	situé entre deux rivages
μέσαυλος	cour intérieure où se trouvaient les portes donnant accès à l'appartement des hommes et à celui des femmes, habitation ; étable dans la cour intérieure ; repaire d'une bête sauvage
μέση	la corde du milieu dans la lyre primitive composée de trois cordes ; l'accent intermédiaire, l'accent circonflexe
μέτειμι1	aller vers
μέτειμι2	aller vers
μήλειος	de pomme ou de pommier
μήν	le mois ou les mois (des fêtes religieuses)
μήρυμα	déroulement (des anneaux d'un serpent)
μήτηρ	la Vénérable ou la Grande Mère, Rhéa qqf. Dèmèter
μίνθος	menthe
μαθηματικός	mathématicien
μακαρίτης	le bienheureux tel
μαλίς2	Mâlis (nymphe)
μαλοπάραυος	aux joues fraîches ou rouges comme une pomme
ματέω	chercher, rechercher ; explorer
μαυρός	qui ne brille pas
μείρομαι	désirer
μειλιχία	sacrifices expiatoires
μελάγχρως	de couleur noire ou sombre, de peau brune
μελάνδρυα	morceaux de thon mariné
μελάνδρυος	aux chênes sombres
μελάνουρος	sorte de bogue ; sorte de serpent venimeux
μελίζω	jouer d'un instrument
μελαγκόρυφος	sorte de fauvette
μελανόχρως	de couleur noire ou sombre
μελικός	poète lyrique
μελισσοκόμος	apiculteur
μελλόνυμφος	fiancée
μελῳδός	mélodieux
μενεμάχος	qui attend le combat de pied ferme
μεσαίχμιον	espace entre deux armées
μεσηγύ	le milieu
μεσσόθι	au milieu
μεσόγαιος	&gt; μεσόγαια
μεσόμφαλος	sorte de coupe ; circonférence avec une ligne centrale, la lettre
μετά	élision pour μετά dev. une voyelle aspirée
μετάβολος	marchand
μετάλλατος	dont on doit se préoccuper
μετάμελος	qui se repent, repentant
μεταίχμιον	espace entre deux armées
μετρικός	qui écrit sur la versification, métricien
μηδείς	celui qui n'est rien
μηκάς	chèvre
μηλίς	pommier
μητροκτόνος	meurtrier de sa mère, parricide
μητρώιος	de la matrice
μητρῷος	de la matrice
μηχανικός	l'art de construire une machine
μιμολόγος	acteur de mimes
μισθοφόρος	soldat mercenaire, soldat
μισθωτός	serviteur à gages
μισθόφορος	soldat mercenaire, soldat
μνήμη	le souvenir (de qqe ch.) se perd ; s'éloigner de
μνήμων	magistrat dorien, sorte de notaire ou d'archiviste ; président d'un banquet ; mémoire
μνήστειρα	celle qu'on recherche en mariage, fiancée
μνήστωρ	prétendant
μνασιδωρέω	ne pas oublier d'offrir des présents
μνηστήρ	celui qui recherche en mariage, prétendant
μνῴτης	serf
μονάς	l'unité
μονία	stabilité, fixité
μοναχός	moine
μονιός	animal sauvage qui va seul et non en troupes
μονομάτωρ	qui n'a plus sa mère
μονομάχος	gladiateur
μονόμαχος	gladiateur
μορέω	travailler, se fatiguer, souffrir
μουνάξ	isolément
μουνυχία	Mounikhia (Munichie)
μουνόκερος	qui n'a qu'une corne
μουσοπόλος	poète
μουσουργός	chanteur, chanteuse
μυίσκος	petite moule
μυθέομαι	parler, converser ; dire, raconter ; se dire à soi-même, délibérer en soi-même sur
μυλίας	pierre meulière, meule
μυλακρίς	blatte
μυλλός	sorte de gâteau
μυλωθρός	maître d'un moulin, meunier
μυξάριον	un peu de morve
μυριάς	nombre de 10~000, myriade ; nombre infini, foule innombrable
μυροπώλιον	boutique de parfumeur ou marché aux parfums
μυρσινίτης	sorte de τιθύμαλλος
μυστήριον	chasse aux rats, aux souris
μυστιλάομαι	manger la soupe, puiser dans un plat avec un morceau de pain creusé en cuiller
μυσός	action ou parole abominable, crime, souillure
μυωπία	courte vue, myopie
μόλιβος	plomb
μόναρχος	monarque, chef souverain ; chef militaire
μόναυλος	sorte de flûte égyptienne
μόνιππος	cheval de selle.
μόριος	donné en partage
μόρος	mûre
μύκης	???? Renvoi sans Issue ????
μύλος	mulet
μύξα	(seul plur. τὰ μύξα) sébeste (fruit)
μύουρος	queue de rat
μύωψ	qui cligne les yeux pour mieux voir, myope
μᾶλον	pomme ou fruit semblable à une pomme ; fruit d'arbre fruitier
μῆδος1	(τὰ μήδεα) pensée, dessein
μῆδος2	(τὰ μήδεα) pensée, dessein
μῆκος	longuement
μῆλον1	pomme ou fruit semblable à une pomme ; fruit d'arbre fruitier
μῆλον2	pomme ou fruit semblable à une pomme ; fruit d'arbre fruitier
νάκη	toison, fourrure
νάρκα	engourdissement, torpeur ; torpille ; grande centaurée
νάσκαφθον	écorce d'un arbre indien employée comme aromate
νάφθα	naphte
νέω	filer
νέω1	filer
νέω2	filer
νέω3	filer
νέω4	filer
νίκη	???? Renvoi sans Issue ????
νίφω	tomber sous forme de neige
ναίω1	couler
ναίω2	couler
ναοφύλαξ	gardien d'un temple
ναστός	sorte de pâtisserie lourde ; sorte de pain
νασῖτις	fém. de νησίτης (insulaire)
ναυαγός	qui dirige un navire, pilote
ναυκληρικός	pilote
ναυκρατής	qui domine sur mer
ναός	navire, vaisseau
νεήμελκτος	nouvellement trait
νεαλής	qui est dans la force de la croissance, de la jeunesse, non encore fatigué, frais
νειοκόρος	gardien d'un temple
νειός	terre nouvellement labourée ou jachère
νεκρός	le cadavre
νεοθηλής	qui tète depuis peu
νεοκράς	vin fraîchement trempé
νεοχμός	renouvellement ; nouveautés, phénomènes nouveaux
νευρορράφος	savetier
νευστικός	apte à nager
νεωκόρος	gardien d'un temple
νεόδμητος1	récemment bâti
νεόδμητος2	récemment bâti
νεόρρυτος	qui coule depuis peu
νεώκορος	gardien d'un temple
νεών	Néôn (Tithorea) (v. de Phocide)
νεώς	navire, vaisseau
νεῖος	terre nouvellement labourée ou jachère
νεῦσις	action de nager, de naviguer
νηοκόρος	gardien d'un temple
νηοπόλος	prêtresse
νηττάριον	petit canard
νουμήνιος	de la nouvelle lune, du premier jour du mois
νουσαχθής	accablé par la maladie
νουσολύτης	qui délivre de la maladie
νουσομελής	qui délivre de la maladie
νουσοφόρος	qui délivre de la maladie
νυμφοπόνος	femme de chambre
νόσος	le mal disparaît
νῆις	Naïade
νῆσις	action de filer
νῆστις	l'intestin jejunum
νῆττα	canard
νῦν	en ce moment
νῶτον	dos ; surface convexe, arrondie (surface de la mer,)
ξένη	la terre étrangère
ξένος1	l'hôte ; étranger auquel on accordait l'hospitalité
ξένος2	l'hôte ; étranger auquel on accordait l'hospitalité
ξενία	la terre étrangère
ξηρά	la terre ferme
ξιφίας	espadon ; sorte de comète
ξιφηφόρος	&gt; ξιφίας
ξοίς	instrument pour tailler la pierre ou le bois, ciseau ou serpe
ξυλοκόπος	pivert, (celui qui entaille le bois)
ξυνεείκοσι	vingt ensemble, vingt par vingt
ξυστικός	qui gratte, âcre, mordicant, astringent
ξυστός1	galerie couverte d'un gymnase avec une surface soigneusement aplanie, pour les exercices d'hiver
ξυστός2	galerie couverte d'un gymnase avec une surface soigneusement aplanie, pour les exercices d'hiver
οἰ	ah !
οἰκέτις	maîtresse de maison, épouse ; femme esclave, servante
οἰκοδομικός	architecte ou maçon
οἰκονομικός	l'Économique
οἰκονόμος	administrateur de son propre bien, intendant privé
οἰκουμένη	la terre habitée, la terre cultivée ou habitée
οἰκόνομος	administrateur de son propre bien, intendant privé
οἰνάς	cep de vigne ; vin ; pigeon ramier
οἰνοῦττα	gâteau fait d'orge, d'eau, d'huile et de vin ; sorte de plante vénéneuse
οἰοπόλος	qui fait paître des brebis
οἰστός	trait, flèche
οἴη	cormier
οἴκετις	maîtresse de maison, épouse ; femme esclave, servante
οἴομαι	porter.
οἶνος	&gt; μυρρινίτης
οὐ	non, ne, ne... pas
οὐδός1	voie
οὐδός2	voie
οὐλάς	frisée, crépue
οὐλή	cicatrice
οὐλοκάρηνος	à la tête crépue, aux cheveux bouclés
οὐλόκρανος	à la tête crépue, aux cheveux bouclés
οὐρέω	avoir une heureuse navigation
οὐρία	vent favorable
οὐρίζω	limiter, borner ; confiner à
οὐρανοσκόπος	uranoscope ou rapeçon
οὐραχός	extrémité pointue, pointe
οὐρεύς	mulet
οὐρός	petit-lait
οὐτίς	sorte de volatile, outarde
οὕτως	ainsi
οὖλος1	entier
οὖλος2	entier
οὖλος3	entier
οὖρον1	urine
οὖρον2	urine
οὖρος1	borne, borne, pierre servant de limite ; borne
οὖρος2	borne, borne, pierre servant de limite ; borne
οὖρος3	borne, borne, pierre servant de limite ; borne
οὖρος4	borne, borne, pierre servant de limite ; borne
οὗ	celui-ci, celle-ci, ceci, il, elle ; qui, lequel, laquelle
πάγκαρπος	sorte de safran
πάγος	gelée
πάθη	les événements ou les changements qui se produisent dans les choses
πάλη	lutte d'athlètes ; lutte, combat
πάμμηνος	qui dure tous les mois ou toute l'année, continuel
πάμπαν	pour toujours
πάνυ	le très connu, le fameux
πάραλος	sorte de plante maritime
πάραυλος	qui habite auprès, en plein air, dans les champs
πάρδαλος	sorte d'oiseau tacheté
πάρεδρος	qui se tient à côté de, assistant de ; assesseur dans un conseil ou un tribunal ; commensal ; associé, compagnon
πάρειμι1	être présent ; être présent, être à la disposition de ; il dépend de moi, il est en mon pouvoir, je puis
πάρειμι2	être présent ; être présent, être à la disposition de ; il dépend de moi, il est en mon pouvoir, je puis
πάριππος	cheval de renfort
πάροδος	voyageur qui passe, passant
πάροχος	celui qui accompagne les nouveaux mariés sur le char nuptial
πάτος	robe traînante pour la statue d'Hèra
πέδιον	la plaine de Rharos ou Raros
πέλας	les voisins, les proches, le prochain, autrui
πέντε	la quinte, échelle de cinq sons
πέντοζος	la main
πέπων	sorte de melon
πέρα	le pays situé au delà, de l'autre côté de la mer
πέραν	ce qui se passe sur la rive opposée
πέρας	à la fin, enfin
πέρκος	sorte d'aigle ou de faucon bigarré
πέροδος	officier ou soldat de ronde
πέτασος	chapeau à large bord
πέτευρον	perche ou latte sur laquelle les poules se posent la nuit, perchoir, juchoir ; perche ou balancier des danseurs de corde ; tréteau où les lutteurs se tiennent debout
πήχυιος	manche de rame
πίασμα	pression
πίθηκος	guenon
πίσα	Pisa (Pise) (v. d’Élide)
παίων	Pæôn, (h.)
παγγενεί	avec tout le peuple, en foule
παιδιώδης	qui aime le jeu
παιδνός	jeune garçon
παιδονόμος	pædonome
παιωνία	la secourable (Athèna)
παιωνικός	salutaire, secourable
παιόνιος	propre à guérir, salutaire
παιώνιος	médecin
παλή	lutte d'athlètes ; lutte, combat
παλίγκοτος	ennemi, adversaire
παλαιστή	creux de la main, paume, longueur de quatre doigts
παλαιστιαῖος	de la mesure d'une παλαστή (paume de la main)
παλαμναῖος	meurtrier
παλματίας	vin de palmier
πανδόκος	qui accueille tout le monde, hospitalier
πανηγυρικός	éloge public prononcé dans une fête nationale
πανσέληνος	le temps de la pleine lune
παντορέκτης	qui désire tout
πανός	flambeau, torche
παράβυστος	parasite, intrus
παράλογος	mécompte, tour imprévu des événements ou erreur de calcul
παράμερος	qui est de chaque jour, quotidien
παράμεσος	l’annulaire, le doigt voisin du médial
παράπλοος	vaisseau qui navigue de conserve
παράσιτος	commensal
παράφασις	image réfléchie
παρέξ	à côté, auprès en passant, au delà ; près de là ; en sortant d'auprès, dehors ; au delà de ce qui est juste ou vrai, en passant à côté du vrai, d'une façon évasive ; en outre, encore en plus ; hors de, au delà de ; à côté en sortant, auprès en passant, de l'autre côté de ; à l'insu de ; hors de, excepté, à l'exception de
παρήγορος	consolateur
παρήλιος	parhélie
παρήορος	cheval de volée ou de main que l'on conduit en dehors
παραιβάτις	femme qui se tient sur le char à côté d'un combattant ; femme qui suit les moissonneurs
παρανέω	nager le long de ou au delà de
παρανήτη	l'avant-dernière corde de la lyre
παραπάσσω	tâter légèrement avec le doigt
παρατέλευτος	la pénultième.
παρατατικός	le temps imparfait, le temps qui marque une durée de l'action
παραυτίκα	à l'instant même, sur-le-champ, aussitôt
παραχρῆμα	ce qui arrive présentement
παρείκω	ressembler quelque peu à
παρθένια	virginité
παρθένιος	fils d'une jeune fille, d'une femme non mariée
παρθένος	vierge
παροιμιακός	vers anapestique, dimètre catalectique, vers anapestique de trois pieds et demi [⏑⏑ ‒ ⏑⏑ ‒ ⏑⏑ ‒ ‒]
παρπόδιος	qui est devant les pieds, présent
παστός	rideau brodé de lit nuptial ; lit nuptial ; chambre nuptiale
πατέομαι	manger, se nourrir, s'abreuver de
πατέω	manger, se nourrir, s'abreuver de
πατρίς	terre des ancêtres, patrie
πεδίον	la plaine de Rharos ou Raros
πεδιάς	plaine
πεζός	guerrier combattant à pied
πειραικός	de la frontière
πελεκῖνος	poutre en forme de hache
πελτοφόρος	&gt; πελταστής
πελός	de couleur sombre, noirâtre, noir
πεμπεβόηος	à cinq peaux de bœuf
πεντάδραχμος	qui pèse ou vaut cinq drachmes
πεντάμετρος	vers pentamètre
πεντήρης	vaisseau à cinq rangs de rames, quinquérème
πενταετηρίς	espace de cinq ans
πεντακόσιοι	le Conseil des Cinq Cents
περάτη	le bout du monde, l'extrémité de l'horizon, la limite extrême du ciel vers le couchant ; l'hémisphère inférieur
περάω1	???? Renvoi sans Issue ????
περάω2	???? Renvoi sans Issue ????
περίβολος	qui entoure
περίδρομος1	qui court autour ou de tous côtés ; qui fait le tour de, qui entoure, qui enveloppe, arrondi, circulaire, rond ; dont on peut faire le tour en courant, dégagé, isolé ; entouré
περίδρομος2	qui court autour ou de tous côtés ; qui fait le tour de, qui entoure, qui enveloppe, arrondi, circulaire, rond ; dont on peut faire le tour en courant, dégagé, isolé ; entouré
περίειμι1	être autour de ; être au-dessus de, être supérieur à, l'emporter sur ; être de plus, être en plus
περίμετρος	la ligne formant le contour
περίοδος	officier ou soldat de ronde
περίοικος	habitant du voisinage, voisin
περίπλοος	qui navigue autour ; autour duquel on peut naviguer
περίπολος	compagne
περίπτερος	périptère
περίστυλος	galerie ou colonnade autour d'un temple, autour d'une cour ou d'un édifice
περίχωρος	le pays d'alentour
περιάπτω	attacher autour
περικλήιστος	très illustre
περινέω	nager ou flotter autour
περιοικίς	campagne d'alentour ; ville voisine dépendant d'une autre
περιπατητικός	philosophe péripatéticien
περιπόρφυρος	la robe prétexte
περισκελής	qui recouvre les jambes
περιττάκις	un nombre de fois impair
περιτόναιος	le péritoine
περκνός	sorte d'aigle ; sorte de faucon ; sorte de serpent
περόναμα	robe de laine sans manches, ouverte sur les côtés, et formée de deux morceaux d'étoffe rattachés sur les épaules et de distance en distance, sur les côtés, par des agrafes
πετροβόλος	machine à lancer des pierres, pierrier, baliste
πετρόβολος	machine à lancer des pierres, pierrier, baliste
πηγυλίς	glace, glaçon
πηκτή	filet pour les oiseaux
πηλοεργίη	art de travailler la boue ou l'argile
πιστικός1	fidèle
πιστικός2	fidèle
πιστός1	qu'on peut boire, potable
πιστός2	qu'on peut boire, potable
πιτυοῦσσα	abondant en pins
πλάζω	???? Renvoi sans Issue ????
πλάκτωρ	qui aime à frapper, à se battre, batailleur ; qui frappe
πλάνης	vagabond
πλάνος	vagabond, jongleur, charlatan
πλάστιγξ	objet plat
πλάτη	les parties larges, les surfaces
πλάτος	en largeur, dans le sens de la largeur
πλέω	plus nombreux ; autre en sus, qui est en plus, en outre ; plus considérable, plus grand ; la majeure partie, le plus
πλήσιος	le plus proche, le voisin
πλακοῦς	graine de mauve
πλακόεις	gâteau plat
πλεκτή	: objet tressé
πλευρῖτις	pleurésie
πλημυρίς	flot de la mer
πλησίος	le plus proche, le voisin
πλοῦτος1	???? Renvoi sans Issue ????
πλοῦτος2	???? Renvoi sans Issue ????
πλωτικός	un armateur, un propriétaire de navire
πλωτός	la saison de la navigation
πλῆθος	le plus grand nombre
πνευμόρρωξ	déchirure du poumon
ποδιστήρ	trépied
ποθι	où? ; où
ποι	vers quelque endroit, quelque part
ποιητής	le poète par excellence, Homère
πολέμιος	l'ennemi
πολίτης	citoyen ; concitoyen
πολεμιστής	guerrier combattant
πολιά	cheveux gris, blancs
πολιτικός	l'homme d'État
πολλάκις	le plus souvent
πολυάρᾱτος	qui est l'objet de beaucoup de souhaits
πολυτειρής	parsemé de constellations
πολυόφθαλμος	&gt; βούφθαλμον
πολύβροχος	très humide
πολύπους1	ver de cave, cloporte, polype de mer, poulpe
πολύπους2	ver de cave, cloporte, polype de mer, poulpe
πονηρός	le mauvais esprit, le démon ; (vie, action, bruit, etc.)
πορφύρεος	celle qui est sombre, la mort
ποτίκολλος	collé à, attaché à
ποτίκρανον	oreiller
ποταμέλγω	traire en outre
ποτιδόρπιος	propre à un repas
ποτιπτήσσω	s'appuyer contre, couvrir, protéger
ποτιστάζω	faire tomber goutte à goutte, distiller
ποτιφωνήεις	qui adresse la parole à, qui s'adresse à, capable de s'adresser à
ποτιφόριμος	avantageux, salutaire
ποτοπτάζω	regarder
ποτόν	boisson ; eau potable
πουλυβότειρα	qui nourrit beaucoup d'êtres, fécond
πρέσβις	par droit d'ancienneté, selon l'ancienneté, selon l'âge
πρίω	???? Renvoi sans Issue ????
πρίων1	scieur
πρίων2	scieur
πραγματικός	jurisconsulte, avocat consultant, avoué
πρανής	qui penche en avant ; penché, incliné, qui penche ou tombe la tête en avant ; qui va en pente, incliné
πρασοειδής	sorte de topaze
πρασῖτις	sorte d'émeraude
πρεσβύτης	vieillard
προβλής	cap, promontoire
προβόλαιος	épieu ou javeline en arrêt
προνέω	nager en avant
προναῖος	vestibule d'un temple
προνώπια	entrée d'une maison
προσδέω	lier ou attacher à
προσδέω1	lier ou attacher à
προσδοκέω	attendre, s'attendre à
προσκοπή	action de s'avancer en reconnaissance
προσνέω	entasser devant
προσποίητος	feint, simulé
προσποιητός	feint, simulé
προσχάσκω	ouvrir la bouche toute grande vers
προὔργου	ce qui est à propos ou avantageux
πρωιζός	d'avant-hier
πρωρεύς	commandant de l'avant d'un navire, timonier
πρωτός	premier
πρό	de part en part, d'outre en outre
πρόβολος	cap, promontoire ; écueil
πρόγονος	belle-fille
πρόδομος1	partie antérieure d'une maison, vestibule
πρόδομος2	partie antérieure d'une maison, vestibule
πρόδρομος	coureur envoyé en avant
πρόεδρος	président
πρόειμι1	être auparavant
πρόειμι2	être auparavant
πρόμος	chef
πρόναος	vestibule d'un temple, entrée d'un temple
πρόοδος1	éclaireur
πρόοδος2	éclaireur
πρόσειμι1	être en outre ou de plus
πρόσκοπος	avant-poste, vedette
πρόσχωρος	qui habite auprès, voisin
πρόφορος	liquide dont l'écoulement précède la venue du fœtus
πτέρνα	jambon
πτεροφόρος	courrier impérial
πτοιαλέος	effrayé, craintif
πτυελίζω	avoir la bouche pleine de salive
πτυελισμός	salivation continue
πτύελον	salive
πτώξ	le lièvre
πυγμάχος	athlète qui lutte au pugilat
πυκτίς1	animal inconnu (castor ou hermine)
πυκτίς2	animal inconnu (castor ou hermine)
πυλαῖος	Pylæos
πυλεών	porte d'une fortification
πυλωρός	pylore, orifice inférieur pour le passage des aliments de l'estomac dans les intestins
πυλᾶτις	Pylæos
πυράμινος	de feu, enflammé, ardent
πυρίδιον	petit feu, étincelle de feu
πυρίτης	forgeron ; sorte de pierre d'où l'on extrait du cuivre ; sorte de pierre précieuse
πυραλλίς	rouge-gorge
πυριγόνος	qui engendre ou produit du feu
πυριμάχος	&gt; πυρομάχος
πυρογενής	né du feu ou dans le feu ; travaillé ou forgé avec le feu
πυροφόρος	qui lance du feu
πυρρίχιος	pyrrhique
πυρσός	d'un rouge de feu ; roux ; fauve, (lion, etc.)
πυρφόρος	prêtre qui suivait les armées lacédémoniennes pour les sacrifices ; prêtre syrien
πω	bois
πωρός	Pôros (Porus)
πως	comment ? de quelle manière ?
πόθος	le Désir personnifié
πόλεμος	la guerre d'Arkhidamos
πόλις	le Foyer ou la Ville de Mopsos
πόμα	ce qui sert à boucher
πόποι	oh ! ah ! grands dieux !
πόρις	jeune veau
πόρταξ	jeune veau
πόρτις	jeune veau
πόσις1	action de boire, boisson ; gorgée d'une boisson
πόσις2	action de boire, boisson ; gorgée d'une boisson
πότνια	maîtresse, souveraine
πύγαργος	sorte de gazelle
πύγμαχος	athlète qui lutte au pugilat
πύξ	fesse
πύρινος	de feu, enflammé, ardent
πύρφορος	prêtre qui suivait les armées lacédémoniennes pour les sacrifices ; prêtre syrien
πῖος	gras ; (bœuf, etc.) ; qui rend gras, qui féconde
πῶ	bois
πῶμα1	ce qui sert à boucher
πῶμα2	ce qui sert à boucher
σάκος	étoffe grossière de poil de chèvre ; barbe longue et épaisse
σάκτας	sac
σάλος	joie, plaisir
σήκωμα	lieu consacré
σήμερον	le jour d’aujourd’hui, aujourd’hui
σήψ	pustule
σίβδη	nénuphar blanc
σίδη	nénuphar blanc
σίκερα	boisson fermentée (cidre, etc.)
σίλλυβον	sorte de chardon comestible
σίρις	Siris
σακεσφόρος	porteur d'un bouclier
σακτός	rempli, bourré
σαλπιγκτής	un trompette, un clairon
σαλός	joie, plaisir
σαρός	Saros (auj. Seyhan) (fl.)
σαυτοῦ	2e~pers. de toi-même, à toi-même, toi-même
σεμνόν	gravité solennelle
σεῖος	oncle paternel ou maternel
σησαμόεις	pain ou gâteau de sésame
σιδηρῖτις	sidérite
σιδᾱρονόμος	qui partage par le fer, par l'épée
σιτοποιός	boulanger
σιτόφαγος	qui mange du pain
σκάλλω	faire sécher, faire dessécher ; se dessécher, être desséché
σκάφος1	époque favorable pour façonner la vigne
σκάφος2	époque favorable pour façonner la vigne
σκίναξ	le lièvre.
σκελετός	squelette
σκευαγωγός	serviteur chargé des bagages
σκηνίτης	marchand forain, petit marchand
σκηνικός	acteur
σκιατροφία	éducation ou vie à l'ombre, à la maison, vie trop sédentaire ou molle
σκοπός	but
σκυτικός	cordonnier
σκυτοτομικός	cordonnier
σκυτοτόμος	ouvrier en cuir ; cordonnier
σκυτότομος	ouvrier en cuir ; cordonnier
σκότος	ténèbres, obscurité
σκύθος	vase à boire, haut et sans pied, tasse
σκύφος	vase à boire, haut et sans pied, tasse
σμικρομερής	formé de petites parties
σμικρός	petit
σμιλα	instrument pour tailler, entailler
σμῖλα	instrument pour tailler, entailler
σοβάς	sorte de danse comique.
σοῦ	pousser vivement
σπάρτινος	&gt; σπάρτη
σπίλος	roc, écueil
σπαρτιᾶτις	femme de Sparte
σπειρίον	petite bande de toile, vêtement léger
σπερμολόγος	freux
σπονδεῖος	spondée
σπόριμος	la terre préparée
στάδιος	le stade
στέλεχος	base de la tige ou du tronc ; tronc coupé, bûche
στίβος	chemin battu ; trace de pas, piste
στακτή	lessive de cendre
στατός	tunique qui tombe droite jusqu'à terre
στενωπός	passage étroit
στενόσημος	la toge angusticlave
στεφανήφορος	dignitaire porteur de couronnes
στεφανηφόρος	dignitaire porteur de couronnes
στεῖρα1	étrave d'un navire
στεῖρα2	étrave d'un navire
στοιχάς	sorte de lavande
στολάς	pièce de l'armure
στρατία	Stratiè, (v.)
στρατίωτις	&gt; στρατιώτης
στρατηγίς	le vaisseau-amiral
στρατηγικός	le général
στρατιῶτις	&gt; στρατιώτης
στρεπτός	collier fait d'anneaux entrelacés
στρηνός	orgueil, insolence
στροβιλός	qui tournoie en spirale
στρουθίζω	nettoyer avec de la saponaire
στρουθίον	coing.
στρούθειον	coing.
στρόβιλος	qui tournoie en spirale
στρῆνος	orgueil, insolence
στωικός	Stoïcien
στύπος	???? Renvoi sans Issue ????
στύραξ1	bout d'une lance ; lance, pique
στύραξ2	bout d'une lance ; lance, pique
συγκλητικός	membre du sénat, sénateur
συκῆ	figuier ; figue ; résine du pin ; fic
συμμαχίς	ville alliée, État allié ; forces alliées, les alliés
συμπάρειμι1	s'avancer ensemble ou en même temps
συμπάρειμι2	s'avancer ensemble ou en même temps
συνάμφω	l'ensemble des deux.
συνήορος	époux
συναπτικός	conjonction marquant la connexion
συναυλία	vie en commun, union
συνείσακτος	frère adoptif ou spirituel
συνεράω	aimer avec, partager l'amour de
συνεράω1	aimer avec, partager l'amour de
συνεράω2	aimer avec, partager l'amour de
συννέω	nager avec
συννέω2	nager avec
συντακτικός	paroles, discours d'adieu
συντελεστικός	le parfait
συρία	la Syrie
συρίζω	agir ou parler en Syrien
συστάς	rangée
σφαιριστικός	habile joueur de balle
σφόδρα	la véhémence
σχοινίς	de jonc
σχολαστικός	homme d'étude étranger aux choses de la vie, simple, naïf
σωρείτης	sorite
σόος	intact, bien conservé, sain et sauf ; sûr
σύαγρος	qui chasse le sanglier
σύγκλητος	assemblée délibérante
σύγκοιτος	époux
σύζυγος	épouse
σύμβιος	compagnon, compagne
σύμβολος	présage
σύμπλοος	compagnon de traversée
σύμφωνος	sorte de remède contre la toux
σύναιμος	frère
σύναρχος	collègue
σύναυλος	accompagné de la flûte
σύνδρομος	lieu où des routes se rencontrent, carrefour
σύνεγγυς	le voisinage
σύνειμι1	aller ou venir ensemble
σύνειμι2	aller ou venir ensemble
σύνθωκος	assesseur ; siège commun
σύννομος	action de paître ensemble, réunion
σύνοδος1	réunion
σύνοδος2	réunion
σύντομος	le chemin le plus court
σύρροος	confluent
σύσσιτος	convive, commensal
σώτειρα	sorte de contrepoison
σῶς	intact, bien conservé, sain et sauf ; sûr
τάριχος1	imprégné de saumure, salé ou embaumé
τάριχος2	imprégné de saumure, salé ou embaumé
τάφος1	stupeur
τάφος2	stupeur
τέρμα	à la fin, enfin
τίλων	sorte de poisson du lac Prasias
τίω	tu, toi ; vous, vous deux
ταριχοπωλεῖον	marché aux salaisons
ταχυγράφος	sorte de sténographe, secrétaire ou greffier tachygraphe
ταῦ	tau, 19e~lettre de l'alphabet grec
τεκτονικός	le charpentier ou le menuisier
τερασκόπος	qui observe et explique les prodiges
τερατοσκόπος	devin
τερατουργός	faiseur de tours, charlatan
τεσσαράκοντα	les quarante juges
τετράπεδος	à quatre faces, carré
τετράχοος	mesure de quatre~
τετρήρης	galère à quatre rangs de rames
τετρακόσιοι	les quatre cents
τεχνικός	habile rhéteur ou bon orateur
τηλεμάχος	qui combat de loin, avec des armes de jet
τηνίκα	à ce moment de l'année
τηνικαῦτα	lorsque..., alors
τιθηνός	nourricier
τιμητικός	personnage ayant exercé la censure
τις	qui ? lequel, laquelle, quelle chose ? ; &gt; ὅστίς
τιταίνω	se venger de
τοι	les tiens, tes parents, tes amis
τοιοῦτος	celui qui est ainsi fait, qui a de tels sentiments
τοκεύς	la mère
τομίας	celui qui coupe, qui fait les parts
τοξῖτις	corde archère (d'un arc ou d'une machine de jet)
τορευτικός	graveur, ciseleur
τρήρων	la colombe
τρίβολος	chausse-trappe qu'on dispose sur les routes pour arrêter la cavalerie ennemie ; pointes de fer au mors d'un cheval ; dard à trois pointes, trident, harpon ; pointe ou piquant, poil dur de la laine brute ; châtaigne d'eau ; sorte de chardon
τρίβων	manteau grossier
τρίγλυφος	triglyphe
τρίγωνος	sorte de harpe triangulaire ; pastille triangulaire
τρίκλινος	salle à manger à trois lits
τρίμηνος	trimestre
τρίμιτος	vêtement d'un tissu à trois fils
τρίπους	trépied ; siège à trois pieds, trépied sacré d'Apollon sur lequel siégeait la Pythie pour rendre ses oracles ; table à trois pieds ; sorte de pendants d'oreille ; sorte d'instrument de musique
τρίφυλλος	trèfle
τρίχα	en trois parties, en trois
τραγικός	le poète tragique par excellence
τραπεζοφόρος	prêtresse de Pallas à Athènes
τριάκοντα	les Trente, les trente tyrans
τριέσπερος	la triple soirée, la triple nuit
τριήρης	navire à trois rangs de rames ; trière (vaisseau de guerre ou de transport);
τριακονταμναῖος	baliste ou pierrier à boulet de 30~mines = 13,09~kg
τριακοντώρυγος	de trente brasses
τριακόσιοι	les Trois cents
τριπτός	sorte de pain
τρισδύστηνος	trois fois malheureux, très malheureux
τρισχίλιοι	les trois mille (nommés par les trente tyrans, à Athènes)
τριταλαντιαῖος	baliste ou pierrier de trois talents = 180~mines (78,534 kg)
τριχίας	sardine
τριόδους	trident ; instrument de chirurgie ; figure triangulaire
τροπαία	vent qui tourne, qui souffle de mer après avoir soufflé de terre
τροπικός	cercle du tropique, ou solstice
τροπωτήρ	courroie pour attacher la rame au bord du navire ; poutres faisant saillie
τροπόω	mettre en fuite
τροφός	nourrice
τροχός	agile, rapide
τρυγίας	vin avec un dépôt de lie
τρόφιμος	le maître, la maîtresse de maison
τυμβοχόος	ensevelisseur ou fossoyeur
τυρόεις	pain ou gâteau au fromage
τύραννος	le fils d'un tyran, le jeune prince
τᾶν	mon ami ! mon bon ! mon cher !
τῆτες	aujourd'hui
φάλαινα	phalène
φάρμακον	médicament de poudres sèches
φάρος	pièce d'étoffe forte
φάσις1	accusation, information judiciaire ; apparition d'une étoile qui se lève
φάσις2	accusation, information judiciaire ; apparition d'une étoile qui se lève
φή	comme
φίλιος	Zeus le dieu bienveillant ou protecteur ; (Éros, etc.)
φίλος	l'ami
φαλακρός	homme chauve, le chauve
φαλιός	noir et tacheté de blanc
φαλῆς	phallus
φαντός	visible
φανός1	clair
φανός2	clair
φαραγγίτης	vent qui souffle d'un ravin
φασσοφόνος	n. d’une sorte d’épervier
φερέοικος	l'animal qui porte sa maison, le limaçon
φθιάς	femme de Phthia
φθινοπωρίς	sorte d'olive
φθόις	sorte de gâteau rond ; pastille ; flacon rond et aplati
φιδίτιον	repas commun
φιλάνθρωπος	« l'amie de l'homme », (pl. velue)
φιλάνωρ	qui aime son mari, conjugal ; qui aime les hommes
φιλία	pays ami ; ami de, bienveillant pour
φιλίππειος	un philippe, une pièce d'or à l'effigie de Philippe
φιλητής	trompeur, voleur
φιλογαθής	qui aime la joie
φιλοσοφία	la divine philosophie
φιλοτήσιος	coupe pour porter une santé ; santé que l'on porte à qqn
φιλοχρήματος	l'homme cupide
φιλόγελως	l'amour du rire, la gaieté
φιλόκνισος	qui aime à être frotté, chatouillé
φιλόσοφος	philosophe
φιλύκη	sorte de nerprun
φλάζω	se déchirer avec bruit
φλεβότομος	instrument pour les saignées, lancette
φοιβάζω	purifier, nettoyer
φοινίκινος	vin de palmier ou de dattes
φοινίκιον	petite datte
φοινικήιος	de feuilles de palmier
φοινικίζω	être d'un rouge pourpre
φοινικόπτερος	le flamant
φοινός	meurtre
φοξῖνος	sorte de poisson inconnu
φορβάς	cavale faisant partie d'un troupeau (p. opp. à jument nourrie à l'écurie)
φορτηγός	portefaix
φοῖνιξ	palmier mâle
φρήτρη	phratrie
φροιμιάζομαι	faire un préambule, un exorde
φρυκτός	flambeau ; fève grillée pour voter
φρόνιμος	le sensé
φρύγιος	de Phrygie, phrygien
φρῖξος	qui se hérisse, hérissé
φυγή	les bannis, les exilés
φυκοφάγος	sorte de poisson
φυλακίς	gardienne
φυλακός	tout homme qui monte la garde, factionnaire, sentinelle, gardien ; garde, gardien ou gardienne ; fidèle observateur
φυλλάς	couvert de feuilles
φυσίωσις	changement progressif de l'habitude en une seconde nature
φυσιόω	rendre naturellement apte, disposer naturellement
φυτοσκάφος	jardinier qui façonne la terre
φυτουργός	père ; auteur, créateur d'une chose
φωκίς	la Phocide ; sorte de poire
φωλεά	trou, tanière, caverne où séjournent les animaux sauvages, les ours
φωσώνιον	mouchoir de toile
φωταγωγός	fenêtre
φόρκος	qui blanchit ou grisonne
φύκιον	algue ; teinture rouge extraite d'une sorte d'algue, fard rouge
φύσκος	Physkos, (v.)
φώς	femme
φώσων	grosse étoffe de lin
φῖλος	l'ami
χέρσος	sur la terre ferme
χήν	et
χήρα	veuve
χίλιοι	les mille (n. de magistrats à Argos et ailleurs)
χίμαρος	jeune chevreau
χαλεστραῖος	de Khalastra
χαλκέμβολος	navire armé d'un éperon d'airain
χαλκοτύπος	forgeron
χαλκουργός	chaudronnier ou forgeron
χαλκοῦς	d'airain
χαλκῖτις	&gt; χρυσάνθεμον
χαμαίζηλος	siège bas
χαμαίτυπος	qui se jette sur sa proie à terre ; débauché
χαρίσιος	sorte de gâteau
χαρακίας	sorte d'euphorbe, le tithymalle des haies
χαυλιόδων	défenses de sanglier, d'hippopotame
χαός	noble, vénérable
χείμαρρος	&gt; χειμάρροος
χειμάρροος	torrent ; conduit d'écoulement pour les eaux
χειραγωγός	guide, conducteur, conductrice
χειρωνακτικός	artisan
χερρόνησος	presqu'île, péninsule
χεῖμα	pendant l'hiver
χιάζω	chanter à la mode de Khios, exécuter des modulations trop savantes à la façon de Dèmokritos de Khios
χλίδων	parure
χλούνης	sanglier ; eunuque, homme efféminé
χοιράς	écueil, récif
χοιρίνη	couenne de porc
χορεῖος	le chorée ou trochée (‒ ⏑)
χοῦς1	monceau de terre
χοῦς2	monceau de terre
χράω1	toucher légèrement à la surface, effleurer
χράω2	toucher légèrement à la surface, effleurer
χρήζω	rendre un oracle
χρεῖος	nécessité, obligation
χρησμῳδός	devin, prophète
χρηστήριος	qui concerne les oracles, les prophéties
χρυσίππειος	disciple de Chrysippe
χρυσοφύλαξ	trésorier
χρυσωπός	la dorade
χρυσός	l'or de Damarétè
χρυσῖτις	poussière ou minerai d'or
χρύσινος	monnaie d'or
χρῄζω	rendre un oracle
χρῆ	avoir besoin
χρῆσις	prêt
χωρίζω	mettre en place, placer
χωστρίς	tortue pour protéger les travailleurs dans un siège
χύτρινος	vase de terre
χῑλιέτης	de mille ans
ψίθυρος	médisant
ψευδής	l'imposteur
ψεύδορκος	parjure (criminel)
ψυχαγωγός	le magicien qui évoque les ombres
ψυχόω	rafraîchir, refroidir, se rafraîchir, se refroidir
ψύχρα	le froid
ἀάω	rassasier
ἀέκων	javelot
ἀίω1	exhaler
ἀίω2	exhaler
ἀγάομαι	admirer, s'étonner ; envier
ἀγάστωρ	né du même sein, frère
ἀγέννεια	naissance obscure
ἀγήρατος	pierre à polir les chaussures de femmes
ἀγκιστρευτικός	pêche à l'hameçon
ἀγλαία	Aglaïa, Aglaïè (Aglaè)
ἀγνώμων	l'insensible ou aveugle fortune ; oublieux, ingrat
ἀγριέλαιος	olivier sauvage
ἀγρότερος	homme des champs, paysan
ἀγρώστης	campagnard, paysan, pâtre
ἀγωγός	guide
ἀγωνιστήριος	emplacement pour le combat
ἀγών	pièce de théâtre
ἀγώνιος	non anguleux
ἀδάιος	abondant
ἀδίαντος	adiante (pl.)
ἀδεής	qui n'a pas besoin de
ἀιδής	Hadès (Pluton) roi des enfers ; le séjour des morts, les enfers ; la mort
ἀκέομαι	soigner, guérir
ἀκέω	soigner, guérir
ἀκήριος	sans cœur
ἀκίς	pointe
ἀκακία	innocence, simplicité
ἀκανθίς	chardonneret ; seneçon (pl.)
ἀκαυτηρίαστος	non marqué au fer rouge
ἀκεσσίπονος	qui guérit ou allège la fatigue
ἀκεστικός	métier de ravaudeur, de tailleur
ἀκρασία	impuissance à se gouverner ou à se maîtriser, intempérance ; manque de force, faiblesse
ἀκρασία2	impuissance à se gouverner ou à se maîtriser, intempérance ; manque de force, faiblesse
ἀκρηχολίη	irritation, emportement
ἀκροπόρος	qui va dans les régions élevées
ἀκρόλοφος	sommet d'une colline
ἀκρόνυχος	fait avec le bout de l'ongle, légèrement marqué avec le bout de la main ou du pied
ἀκτή	farine de blé ou d'orge ; le blé lui-même
ἀκόλουθος	suivant, serviteur
ἀκόνιτος	aconit
ἀκόρητος	non nettoyé, malpropre
ἀκύμων	sans vagues, calme
ἀλάστορος	le mauvais génie
ἀλέα	abri, refuge
ἀλέκτωρ	coq
ἀλέτης	meunier
ἀλήτης	vagabond
ἀλίβας	le fleuve des morts, le Styx
ἀλεία	pêche
ἀλεκτρυών	poule
ἀλιπής	qui ne cesse pas
ἀλκυονίς	petit d'alcyon, alcyon
ἀλφός	dartre blanche et farineuse
ἀλωεύς	Alôée, (h.)
ἀμάραντος	amarante ou immortelle
ἀμέθυστος	sorte d'herbe employée contre l'ivresse ; améthyste, pierre précieuse qui passait pour préserver de l'ivresse
ἀμέρδω	priver de, dépouiller
ἀμίαντος	la mer (l'eau lustrale par excellence, qui enlève les souillures et ne peut être souillée)
ἀμμορία	infortune, malheur
ἀμνός	agneau femelle, agnelle
ἀμφιλύκη	la nuit à demi lumineuse, l'aube
ἀμφιμήτριος	qui entoure ou concerne la matrice
ἀμφιτρής	la roche percée, à double entrée
ἀμφώβολος	sorte de javelot à deux pointes
ἀνάλιπος	sans chaussures, nu-pieds
ἀνάπαιστος	anapeste
ἀνάπτω	attacher en haut
ἀνάστατος	sorte de gâteau léger, « bien levé »
ἀνήρ	l'homme, celui-ci, celui-là
ἀνίδρωσις	poussée de sueur, sueur abondante
ἀναγωγία	manque d'éducation, grossièreté
ἀναγώγια	sacrifice pour obtenir une heureuse traversée
ἀναδαίω	partager (un terrain)
ἀναθύω1	faire un nouveau sacrifice
ἀναθύω2	faire un nouveau sacrifice
ἀνακλάω	éclater en sanglots
ἀνακτόριος	armoise, sorte d’absinthe (pl.)
ἀναξία	indignité
ἀνδρακάς	par homme
ἀνδρεῖα	repas publics des hommes
ἀνεπίδικος	héritière unique (dont les droits ne peuvent être contestés)
ἀνθύπατος	proconsul
ἀνοκωχή	suspension d'armes, trêve, armistice ; période de calme, répit
ἀντίδοτος	antidote (propriété qui agit contre)
ἀντίον	en face ; contre ; de son côté, à son tour
ἀντίπαλος	l'ennemi
ἀντίσπαστος	antispaste
ἀντίστροφος	antistrophe ; inversion
ἀνώιστος	au sujet de qui ou de quoi on en a référé à
ἀξιόθεος	digne de la divinité
ἀξυγκρότητος	non déjà rassemblé, qu'on prend n'importe où, qui se trouve sous la main ; non ramassé, peu serré, lâche (style)
ἀοιδός1	chanteur, chantre, poète
ἀοιδός2	chanteur, chantre, poète
ἀπέριττος	sans superfluité, sans excès
ἀπαρέμφατος	le mode indéfini, l'infinitif
ἀπείρατος	???? Renvoi sans Issue ????
ἀπείρων1	sans expérience, ignorant
ἀπείρων2	sans expérience, ignorant
ἀπειλέω	repousser de l'assemblée
ἀπειλέω1	repousser de l'assemblée
ἀπειλέω2	repousser de l'assemblée
ἀπειρία	inexpérience, ignorance
ἀπεριττότης	absence de superfluité, simplicité
ἀποδέω	lier fortement à ; attacher ou coudre dans
ἀποδέω1	lier fortement à ; attacher ou coudre dans
ἀποδέω2	lier fortement à ; attacher ou coudre dans
ἀποκλάω	laisser couler ses larmes
ἀπορέω	regarder ou observer de loin
ἀπορρώξ	roche escarpée, précipice ; bras de rivière ; épanchement d'un liquide tombant goutte à goutte ; semence, rejeton
ἀποσπάς	branche ; tige de plante
ἀποτομάς	pièce de bois
ἀποφώλιος	qui sort d'un trou, d'un gîte
ἀπρήυντος	qu'on ne peut adoucir
ἀπρόσκοπος	qui n'aperçoit pas ou ne voit pas clairement ; non exploré (chemin)
ἀπόδεξις	action de montrer au dehors ; accomplissement, achèvement
ἀπόπλοος	qui s'éloigne par eau
ἀπόστολος	les Épîtres du Nouveau Testament
ἀπόστροφος	apostrophe
ἀπότοκος	propagation (d'une maladie)
ἀπόφασις1	négation
ἀπόφασις2	négation
ἀργυρότοξος	le dieu à l'arc d'argent
ἀργυρώνητος	esclave acheté à prix d'argent
ἀργυρῖτις	minerai mêlé d'argent ; mine d'argent
ἀργός1	brillant ; rapide, agile, léger
ἀργός2	brillant ; rapide, agile, léger
ἀρηίθοος	agile au combat
ἀριστομάχος	excellent guerrier
ἀρκτικός	arctique, septentrional
ἀρνειός	bélier
ἀρνός	jeune agneau ; mouton
ἀρράζω	grogner, gronder
ἀρτηρία	trachée-artère
ἀρχή	le gouvernement
ἀρχηγός	cause première, auteur de, fondateur (d'une race, d'une cité, etc.) ; chef, roi ; initiateur, créateur, inventeur
ἀρχιτεκτονικός	architecte ; toute personne possédant à fond un art ou une science et dirigeant d'autres personnes
ἀρωγός	auxiliaire, défenseur (dans un combat)
ἀσκελής	sans jambes ; qui a les branches (les jambes) égales
ἀστυγείτων	voisin de frontière
ἀστυνόμος	astynome
ἀστυόχος	qui protège la ville
ἀσφάραγος1	asperge ; tige naissante, jeune pousse
ἀσφάραγος2	asperge ; tige naissante, jeune pousse
ἀσώδης	marécageux
ἀτάλλω	sauter, bondir comme un enfant
ἀτρέμας	sans même un tremblement
ἀυτή	fém. d’αὐτός
ἀφνειός	homme riche
ἀφυλακτέω1	aboyer
ἀφυλακτέω2	aboyer
ἀφύσσω	être ou devenir blanc
ἀχέω2	faire retentir les louanges de
ἀχαιά	Akhæa
ἀχθοφόρος	portefaix
ἀόριστος	l'aoriste
ἁγέτις	celle qui dirige, maîtresse (de maison)
ἁλία	mortier à piler le sel, boîte au sel
ἁλίζω1	rassembler (une troupe, une armée, etc.)
ἁλίζω2	rassembler (une troupe, une armée, etc.)
ἁλίπλαγκτος	matelot
ἁλίπλοος	marin ou pêcheur
ἁμάξιτος	accessible aux voitures, fréquenté par les voitures
ἁμαξιτός	grande route
ἁμαρτωλός	le pécheur
ἁπλοίς	simple vêtement de dessus, simple pardessus
ἁρμός	articulation, épaule du cheval
ἁφή	action d'allumer
ἄατος	impétueux, terrible
ἄβατον	sanctuaire ; pur, chaste
ἄβολος	qui n'a pas encore perdu ses premières dents (jeune cheval)
ἄβυσσος	abîme sans fond
ἄγγαρος	courrier persan
ἄγε	???? Renvoi sans Issue ????
ἄγη	briser, rompre
ἄγκαθεν	d'en haut, de la région supérieure ; dès l'origine, dès le principe, dès l'origine ; depuis le commencement
ἄγνος	agnus-castus ou gattilier
ἄδυτος	tout lieu dont l'accès est interdit
ἄζω	brûler, dessécher
ἄζωτος	Azot (auj. Ashdod) (v.)
ἄητος	insatiable de
ἄιξ	tourbillon
ἄκλαυστος	non pleuré ; qui n'a pas pleuré ou ne pleure pas
ἄκμων	infatigable
ἄκοπος	remède fortifiant
ἄκορος	acorus
ἄκουρος	non rasé ou non tondu
ἄκρα	le plus haut rang ; les plus puissants
ἄκρατος	libations de vin pur
ἄκρον	le sommet ; le point le plus avancé, le point extrême, l'extrémité ; promontoire, cap
ἄκων	javelot
ἄλγιστος	plus douloureux
ἄλησις	course du soleil
ἄλλος	le reste
ἄλοχος	qui n'a pas enfanté, vierge (Artémis)
ἄλυπον	l'absence de chagrins
ἄλυσις	chaîne
ἄμμος	notre, le nôtre
ἄμυλος	gâteau de farine fine
ἄν1	non coupable, non responsable, innocent ; qui n'est pas une cause
ἄν2	non coupable, non responsable, innocent ; qui n'est pas une cause
ἄνα	alors Ulysse se leva
ἄναλτος	sans sel, non salé ; qui ne sale pas
ἄναπτος	qu'on ne peut saisir ou toucher, intangible
ἄνδεμα	lien
ἄνθη	fleurs de poésie, pièces choisies, anthologie ; ce qui est dans son plein épanouissement
ἄνθος	bruant, bergeronnette jaune
ἄνθρωπος	homme
ἄνοδος1	sans routes, impraticable
ἄνοδος2	sans routes, impraticable
ἄνοστος	qui ne revient pas
ἄνω1	la partie supérieure, le haut
ἄνω2	la partie supérieure, le haut
ἄνωθεν	les premiers principes
ἄοζος	serviteur dans un sacrifice
ἄπειμι1	s'en aller, partir
ἄπειμι2	s'en aller, partir
ἄπειρος1	terre ferme ; plaine
ἄπειρος2	terre ferme ; plaine
ἄπιος1	lointain, étranger
ἄπιος2	lointain, étranger
ἄπλαστος	inabordable, terrible
ἄπλατος	qui ne peut être rempli, infini, immense
ἄπλητος	inabordable, terrible
ἄπους	martinet
ἄπωθεν	loin de
ἄρειος	d'Arès (ou Mars)
ἄριστον	excellent ; le meilleur, le plus brave, le plus noble
ἄρκος	ours, ourse
ἄρκτος	le pôle nord, le nord
ἄρρεκτος	non fait, non accompli
ἄρσην	mâle ; viril, énergique
ἄρωμα1	champ
ἄρωμα2	champ
ἄσβεστος	chaux vive
ἄσιος	Asios
ἄσκοπος1	qui n'atteint pas le but
ἄσκοπος2	qui n'atteint pas le but
ἄτομος	corpuscule indivisible ou atome, si court qu'on ne le peut diviser
ἄτρεμας	sans même un tremblement
ἄτριχος	sans cheveux ou sans poil
ἄττα	bon père, cher père !
ἄυλος	transcr. du n. rom. Aulus
ἄφενος	richesse, biens, abondance
ἄφρακτος	vaisseau non ponté
ἄχρηστος	qui n'a pas reçu de réponse de l'oracle
ἄψις	nœud ou maille d'un filet ; objet de forme courbe ou circulaire
ἄω1	souffler
ἄω3	souffler
ἄωρος1	sommeil
ἄωρος2	sommeil
ἄωτος	flocon de laine, laine, toison ; la chose la plus fine, la plus belle ; ce qui donne de l'éclat, ce qui illustre
ἅλιμος	halimus ou arroche de mer
ἅλιος1	soleil
ἅλιος2	soleil
ἅλμα	toute substance salée ; goût salé, saveur âcre
ἅλς	la mer
ἅμμος	notre, le nôtre
ἅπτω	ajuster, attacher, nouer
ἅρμα	union
ἅρπαξ	rapine
ἅτερος	autre ; autre
ἆτος	insatiable de
Ἀγλαία	Aglaïa, Aglaïè (Aglaè)
Ἀγώνιος	non anguleux
Ἀδριανός	Hadrien ou Adrien
Ἀδωνιά	fêtes d'Adonis
Ἀδώνια	fêtes d'Adonis
Ἀδώνιος	vers adonique (‒ ⏑ ⏑ ‒ ‒)
Ἀθῷος	de l'Athos
Ἀκράγας	l'Akragas (auj. San Biago) (fl.)
Ἀλέη	abri, refuge
Ἀλοῖτις	vengeresse du crime (Athèna)
Ἀμάραντος	amarante ou immortelle
Ἀμοργός	Amorgos (auj. Amorgós)
Ἀμφότερος	Amphotéros, (h.)
Ἀνοπαία	à perte de vue (ou en haut par le trou du toit, de fumée)
Ἀντίδοτος	antidote (propriété qui agit contre)
Ἀπ́ίων	qui n'est pas gras
Ἀπάμη	Apama ou Apamè
Ἀπις	Apis
Ἀπολλώνιος	d'Apollon
Ἀράτειον	lieu consacré à Aratus de Sicyone
Ἀρή	???? Renvoi sans Issue ????
Ἀρήιος	un guerrier
Ἀρίστευς	celui qui tient le premier rang, chef le plus distingué, le plus brave
Ἀργεῖος	Argeios, (h.)
Ἀργολίς	l'Argolide
Ἀργός	Argos (Argus)
Ἀργᾶς	sorte de serpent
Ἀρεοπαγιτικός	le discours sur l'Aréopage
Ἀρετή	Arétè
Ἀρεῖος	d'Arès (ou Mars)
Ἀρηίθοος	agile au combat
Ἀρκάς	Arkas
Ἀρμένιος	d'Arménie, arménien
Ἀρμόδιος	Harmodios
Ἀρριδαῖος	Aridæos
Ἀρτοξέρξης	Artaxerxès ou Artoxerxès
Ἀσίης	Asias ou Asiès, (h.)
Ἀσιάς	asiatique
Ἀσκανίη	l'Askanie
Ἀστακός	homard
Ἀστύλος	sans colonnes
Ἀστύνομος	astynome
Ἀσωπίς	fille de l'Asôpos
Ἀσώπιος	de l'Asôpos
Ἀτθίς	l'Attique ; le dialecte ou la langue attique ; histoire de l'Attique
Ἀττικός	attique, athénien
Ἀφνειός	homme riche
Ἀφρικανός	l'Africain
Ἀχίλλειος	mille-feuilles (pl.)
Ἀχαίος	Akhæos, (h.)
Ἀχαιός	Akhæos, (h.)
Ἀχαϊκός	Achaicus, Mummius
Ἀψεύδης	Apseudès
Ἁμάξιτος	accessible aux voitures, fréquenté par les voitures
Ἄθῳος	de l'Athos
Ἄκις	pointe
Ἄκρατος	libations de vin pur
Ἄκταιος	du rivage
Ἄλεος	insensé
Ἄλθαία	guimauve
Ἄλπις	Alpis (auj. Inn)
Ἄμαξα	chariot à quatre roues, traîné par des bœufs ou des mulets, pour porter des fardeaux (p. opp. à char de guerre) ; le Chariot ou la Grande Ourse ; route
Ἄνθος	bruant, bergeronnette jaune
Ἄξεινος	la mer inhospitalière
Ἄξυλος	Axylos
Ἄργος	Argos (Argus)
Ἄρειος	d'Arès (ou Mars)
Ἄρεος	d'Arès (ou Mars)
Ἄρις	sans nez, sans flair
Ἄρκας	Arkas
Ἄρσην	mâle ; viril, énergique
Ἄσιας	Asias ou Asiès, (h.)
Ἄσιος	Asios
Ἄστακος	Astakos, (h.)
Ἄστειος	de citadin, de bon goût, cultivé
Ἄσυχις	Asykhis
Ἄων	bord de la mer
Ἅλυκος	salé
ἐγγυοθήκη	caisse, coffre ; armoire, buffet
ἐγκέφαλος	cervelle, cerveau ; cœur ou chou de palmier
ἐγκώμιος	qui se chante pour une fête ou un triomphe
ἐκάς	loin, au loin ; loin de
ἐκεῖθεν	ceux de là-bas
ἐκκλησιαστικός	un ecclésiastique, un membre de la véritable église
ἐκκορίζω	nettoyer en balayant, balayer (une maison, etc.) ; déflorer
ἐκλειπτικός	l'écliptique
ἐκνεφίας	vent d'orage
ἐκτός	ceux du dehors, les étrangers
ἐκχράω	suffire
ἐλατήρ	bâton pour pousser un cerceau
ἐλαττονάκις	moins souvent, plus rarement
ἐλαττονέω	avoir moins, manquer
ἐλαττονότης	diminution
ἐλαττωτικός	enclin à prendre moins que son dû, à ne pas user de tout son droit
ἐλελίζω1	faire entendre un chant de deuil
ἐλελίζω2	faire entendre un chant de deuil
ἐλευθέρια	liberté
ἐλεόν	table de cuisine, table à découper ; sorte d'oiseau de nuit
ἐλλός	muet, agile
ἐμβαδόν1	en marchant
ἐμβαδόν2	en marchant
ἐμβροχή	fomentation, lotion
ἐμπλάζω	faire approcher, mettre aux prises ; s'approcher de
ἐμποδών	obstacle, empêchement
ἐμπολίζω	enfermer dans l'enceinte d'une ville
ἐμπόριον	place de commerce maritime ; Bourse pour le commerce d'exportation ; place de commerce, marché dans l'intérieur d'un pays
ἐμφυσιόω	souffler dans, inspirer
ἐμψυχία	état d'un être animé, vie
ἐνάπτω	attacher à ou dans
ἐνέπω	dire ; parler ; appeler d'un nom
ἐναντίον	le parti opposé
ἐναύλιος	porte ou couloir qui conduit aux appartements intérieurs
ἐνδέω	attacher dans, lier dans
ἐνδέω1	attacher dans, lier dans
ἐνδέω2	attacher dans, lier dans
ἐνθάδε	ceux d'ici, les vivants
ἐνθένδε	ceux d'ici
ἐννάκις	neuf fois
ἐνναέτης	qui dure neuf ans, de neuf ans
ἐνναέτις	habitante
ἐννεάκρουνος	la fontaine à neuf sources
ἐνορχής	honoré par des danses (Bacchus)
ἐντεῦθεν	dès à présent, désormais
ἐντός	l'intérieur du corps
ἐνόπη	Énopè, (v.)
ἐνόπλιος	air ou marche de la danse armée
ἐνόρχης	honoré par des danses (Bacchus)
ἐνώμοτος	conjuré, conspirateur
ἐνώτιον	pendant d'oreilles
ἐξάπτω	enflammer, allumer
ἐξέργω	contraindre, forcer, être contraint
ἐξανάπτω	suspendre à
ἐξερέω	chercher à savoir
ἐξερέω1	chercher à savoir
ἐξολισθάνω	glisser hors de
ἐπάνω	les ancêtres
ἐπέκεινα	la région au delà de
ἐπήν	après que
ἐπίδικος	héritière dont on conteste les droits en justice
ἐπίδρομος	corde pour ouvrir ou fermer un filet
ἐπίκληρος	héritière unique
ἐπίκλητος	assemblée convoquée
ἐπίνικος	chant de victoire
ἐπίουρος	cheville de bois
ἐπίπλοος1	membrane qui recouvre les intestins, épiploon
ἐπίπλοος2	membrane qui recouvre les intestins, épiploon
ἐπίσημον	marque distinctive
ἐπίσκοπος1	qui observe, qui veille sur
ἐπίσκοπος2	qui observe, qui veille sur
ἐπίσσωτρον	cercle de fer autour de la roue
ἐπίσταθμος	gouverneur
ἐπίσταμαι	???? Renvoi sans Issue ????
ἐπίστιον	foyer de la famille
ἐπίστιος	coupe pour les libations en l'honneur des dieux de la maison
ἐπίτομος	chemin le plus court ou direct
ἐπίτονος	courroie d'antenne
ἐπίτριτος	épitrite, pied de quatre syllabes, dont deux sont, avec les deux autres, dans le rapport de 4 à 3
ἐπαγωγικός	tiré en longueur
ἐπαναβασμός	degré
ἐπανδιπλάζω	interroger une seconde fois, de nouveau
ἐπητής	???? Renvoi sans Issue ????
ἐπιβλής	verrou
ἐπιδέω	avoir besoin de, manquer de
ἐπιδέω1	avoir besoin de, manquer de
ἐπιδέω2	avoir besoin de, manquer de
ἐπιδεικτικός	orateur d'apparat, déclamateur
ἐπιθαλάμιος	chant nuptial, épithalame
ἐπιθαλαττίδιος	situé près de la mer, maritime
ἐπιθύω1	immoler, sacrifier après
ἐπιθύω2	immoler, sacrifier après
ἐπικλάω	pleurer sur ; pleurer en réponse ou encore plus
ἐπικλείω1	fermer
ἐπικλείω2	fermer
ἐπιλιπής	qui manque
ἐπινέω	nager ou flotter sur
ἐπινέω1	nager ou flotter sur
ἐπινέω2	nager ou flotter sur
ἐπινέω3	nager ou flotter sur
ἐπινίφω	faire tomber la neige sur ; la neige continue à tomber.
ἐπιπάρειμι1	survenir ; être présent en outre, venir en outre
ἐπιπάρειμι2	survenir ; être présent en outre, venir en outre
ἐπιπλάζω	frapper sur ; châtier, châtier en paroles, réprimander, blâmer ; tomber ou s'abattre sur
ἐπιτήδειος	ami
ἐπῳδός	épode, 3e~partie du chœur après la strophe et l'antistrophe
ἐρέω	dire
ἐρίτιμος	sorte de sardine
ἐρίωπις	fém. d'ἐριώπης (aux grands yeux)
ἐργάσιμος	terre labourable
ἐργατίνης	travailleur ; cultivateur
ἐργοπόνος	travailleur
ἐρινεός	qui concerne le figuier sauvage, de figuier sauvage
ἐρινός	qui concerne le figuier sauvage, de figuier sauvage
ἐρυθρόπους	sorte d'oiseau aux pieds rouges
ἐρωτύλος	amant
ἐσθέω	courir dans ; accourir, courir vers
ἐσσία	biens, fortune, richesse
ἐσφλάω	enfoncer
ἐσφορέω	porter dans
ἐυκνήμις	aux belles bottines, aux beaux jambarts
ἐυκτήμων	riche
ἐυκτίμενος	bien bâti ; bien travaillé, bien ordonné (verger)
ἐυπλεκής	bien tressé (corde, filet, chevelure)
ἐυπλοκαμίς	aux belles boucles, aux beaux cheveux bouclés
ἐυπλόκαμος	aux belles boucles, aux beaux cheveux bouclés
ἐυστρεφής	bien tordu, bien tourné ; qui se tourne facilement, flexible, souple
ἐφάπτω	allumer
ἐφήμερον	éphémère
ἐφίππιος	la course à cheval
ἐφηλίς	tache de rousseur sur la peau
ἐφόρμησις	attaque, irruption
ἐχενηίς	remora (poisson)
ἐχθρός	l'ennemi de qqn
ἐύννητος	bien filé, bien tissé
ἐύσμηνος	qui forme de beaux essaims
ἑανός	robe riche de femme
ἑκατηβόλος	le dieu qui lance au loin ses traits (Apollon)
ἑκκαιδεκαέτης	de seize ans
ἑλέπολις	hélépole ou tour roulante
ἑλίκων	instrument de musique à neuf cordes
ἑξάμηνος	semestre
ἑξήρης	navire à six rangs de rames
ἑξαμηνος	semestre
ἑξῆς	la suite du discours
ἑορτή	la fête du roi
ἑπτάκλινος	lit de table de sept places ou salle à manger de sept lits
ἑπτάμηνος	durée ou période de sept mois
ἑρμαῖος	Hermæos
ἑρπηστής	animal rampant, reptile
ἑρπυστής	reptile
ἑσπερίς	de giroflée
ἑτός	an, année
ἔα	être ; &gt; καί ; &gt; ποῦ
ἔαρ	printemps
ἔγγονος	né de
ἔγκοτος	qui conserve du ressentiment
ἔγχυτος	gâteau fait au moule
ἔκδικος	vengeur ; commissaire délégué pour défendre les intérêts d'une ville
ἔκθυσις	sacrifice expiatoire
ἔκκλητος	assemblée par convocation
ἔκλογος	compte rendu
ἔκτοθεν	ceux du dehors, les absents
ἔλεγχος1	objet de honte ou de reproche, opprobre
ἔλεγχος2	objet de honte ou de reproche, opprobre
ἔλεος	pitié, compassion ; tout ce qui excite la pitié
ἔμβρυος	couvert de mousse
ἔμμηρος	gage, otage
ἔμπαιος1	qui a l'expérience de
ἔμπαιος2	qui a l'expérience de
ἔμπεδα	emprisonné dans une entrave, enchaîné
ἔμπεδος	emprisonné dans une entrave, enchaîné
ἔμπλην1	tout auprès
ἔμπλην2	tout auprès
ἔμπροσθεν	le devant, le front (d'une troupe)
ἔμψυχος	qui a le souffle en soi, qui respire, animé, vivant
ἔναυλος1	lit d'un torrent, ravin ; vallon, grotte
ἔναυλος2	lit d'un torrent, ravin ; vallon, grotte
ἔνδοθεν	les gens de la maison, les serviteurs
ἔνδον	les gens de la maison
ἔννομος	qui habite (qui paît) dans, habitant
ἔνορχος	honoré par des danses (Bacchus)
ἔνος	de la période précédente
ἔντροφος	nourrisson de
ἔνυδρος	loutre
ἔξαρχος	chef d'un chœur
ἔξαψις	action d'attacher à
ἔξειμι2	aller ; s'en aller, partir
ἔξοδος1	l'Exode, ou sortie des Hébreux de l'Égypte, ~livre du Pentateuque
ἔξοδος2	l'Exode, ou sortie des Hébreux de l'Égypte, ~livre du Pentateuque
ἔξω	l’avant, le champ de tir (d’une machine de jet)
ἔξωθεν	les choses du dehors, ce qui se passe hors de la maison
ἔοικα	être semblable à, ressembler à
ἔπειμι1	être ; &gt; καί ; &gt; ποῦ
ἔπειμι2	être ; &gt; καί ; &gt; ποῦ
ἔπειτα	ensuite, désormais.
ἔργω1	enclore, enfermer
ἔριθος	ouvrière en laine, tisseuse, fileuse
ἔσοδος	entrée ; revenu ou impôt
ἔσω	à l'intérieur ; pendant ce temps
ἔσωθεν	du dedans au dehors ; en dedans
ἔφαλος	la côte
ἔφηλις	tache de rousseur sur la peau
ἔφοδος1	qui fait une ronde de surveillance
ἔφοδος2	qui fait une ronde de surveillance
ἔφοδος3	qui fait une ronde de surveillance
ἔφορμος1	qui est à l'ancre
ἔφορμος2	qui est à l'ancre
ἔφορος	gardien, surveillant
ἔψια	entretien familier ; amusement, badinage
ἕκητι	par la volonté de, par le fait de ; à cause de ; quant à, en ce qui regarde
ἕκμηνος	un semestre
ἕκτος	le 6e~mois, le mois d'août
ἕκτωρ	ancre
ἕλιξ1	roulé en spirale ; qui décrit un mouvement circulaire, une courbe
ἕλιξ2	roulé en spirale ; qui décrit un mouvement circulaire, une courbe
ἕνδεκα	les Onze
ἕργμα	œuvre, action, affaire
ἕρμα1	tout objet qui sert d'appui ; ce qui fait qu'une chose appuie ou enfonce, ce qui alourdit
ἕρμα2	tout objet qui sert d'appui ; ce qui fait qu'une chose appuie ou enfonce, ce qui alourdit
ἕσπερος	le soir
ἕωθεν	le matin
ἕως	l'aurore, le point du jour ; l'orient
Ἐλαιός	olivier sauvage
Ἐννεάκρουνος	la fontaine à neuf sources
Ἐνοσίχθων	le dieu qui ébranle la terre (Poseidôn)
Ἐνόρχης	honoré par des danses (Bacchus)
Ἐπίκληρος	héritière unique
Ἐπώπευς	surveillant, inspecteur
Ἐρίφη	Ériphè
Ἐρετριάς	terre d'Érétrie
Ἐρεχθηίς	la fille d'Érekhthée ; la tribu d'Érekhthée
Ἐυμάθης	Eumathès
Ἑβραίς	la langue hébraïque
Ἑκαέργος	le dieu qui frappe au loin
Ἑκαταῖος	Hékatæos (Hécatée)
Ἑλικώνιος	de l'Hélicon
Ἑλλάς	Hellas, (v.)
Ἑλληνίς	une femme grecque
Ἑλωρός	Hélôros ou Élôros
Ἑρμιονίς	la contrée d'Hermionè
Ἔλεος	pitié, compassion ; tout ce qui excite la pitié
Ἔυρυτος	aux eaux agréables ou abondantes
Ἕλειος	sorte de rongeur, le loir
Ἕλιξ	roulé en spirale ; qui décrit un mouvement circulaire, une courbe
Ἕλλην	Hellène
Ἕρκυνα	Herkynna ou Herkyna
Ἕρμαιον	bonne aubaine, trouvaille, heureuse découverte procurée par Hermès
Ἕρμος	Hermos
Ἕσπερος	le soir
ἠέ1	ou
ἠέριος	brumeux, nébuleux
ἠέροπος	au regard sombre
ἠεροδίνης	qui tournoie ou tourne dans les airs
ἠεροειδής	aérien, aériforme ; brumeux, vaporeux, nébuleux ; qui se perd dans les airs, indistinct, confus
ἠεροφοῖτις	qui habite les ténèbres (Érinys) ; qui traverse les airs
ἠερόεις	brumeux, sombre ; sombre ; livide
ἠερόμικτος	qui se mêle dans les airs
ἠερόπλαγκτος	qui erre à travers les airs
ἠερόφωνος	qui résonne dans les airs, sonore
ἠιόεις	aux rives escarpées
ἠιών	bord de la mer
ἠλέκτωρ	le brillant, le soleil ; le feu
ἠλεός	le fou
ἠπειρώτης	habitant de l’Asie
ἠριγένεια	le matin
ἠυθέμεθλος	aux fondements solides
ἠύχορος	aux belles danses, aux rondes harmonieuses
ἡβητής	adolescent
ἡγεμόνιος	le guide, le conducteur des âmes
ἡδυλόγος	un plaisant
ἡδύλογος	un plaisant
ἡδύοσμος	menthe (pl.)
ἡλίασις	action d'exposer ou de s'exposer au soleil
ἡμίονος	&gt; ἡμιόνιον
ἡμίτομος	sorte de coupe
ἡμερίς	vigne cultivée ; chêne à glands comestibles
ἡμεροδρόμος	courrier
ἡμεροσκόπος	guetteur ou sentinelle de jour
ἡμερόκοιτος	&gt; ἡμεροκοίτης
ἡμερόσκοπος	guetteur ou sentinelle de jour
ἡμιδαής	à moitié brûlé
ἡμιόλιος	barque de pirates
ἡνία1	brides, rênes
ἡνία2	brides, rênes
ἡνίοχος	le Cocher ou Chariot
ἡνιοστρόφος	conducteur de char
ἡνιόστροφος	conducteur de char
ἡπατῖτις	hépatite (pl.)
ἡρῷον	temple d'un héros ; vers héroïque, hexamètre
ἡρῷσσα	héroïne, demi-déesse
ἡττάω	être inférieur à ; être vaincu
ἤ1	exclamation pour appeler l’attention
ἤ2	exclamation pour appeler l’attention
ἤια	aller ; s'en aller, partir
ἤν	si, au cas où
ἤνια	brides, rênes
ἥρως	dieu guérisseur
ἦλον	pomme ou fruit semblable à une pomme ; fruit d'arbre fruitier
ἦλος	fou, insensé ; qui trouble la raison
ἧ	ô ami ! ; (au nom de)
Ἠλεῖος	d'Élide, Éléen
Ἠπειρώτης	habitant de l’Épire
Ἡρακλεώτης	habitant ou originaire d'Hèrakleia
Ἤνοψ	à l'aspect brillant, éclatant
Ἥρω	dieu guérisseur
ἰά	bruit, voix, cri
ἰάζω	avoir une teinte violette
ἰάλεμος	lamentation, chant funèbre
ἰή	bruit, voix, cri
ἰατρός	femme qui exerce la médecine
ἰδέ	se faire voir ; se rendre semblable
ἰηλεμίζω	se lamenter
ἰθύς1	qui va en droite ligne, droit, direct ; droit, sans détour, juste, équitable
ἰθύς2	qui va en droite ligne, droit, direct ; droit, sans détour, juste, équitable
ἰνίον	setier, pour les liquides et les matières sèches
ἰξευτής	oiseleur qui chasse à la glu
ἰξοβόρος	sorte de grive
ἰοειδής	venimeux
ἰρίς	Iris
ἰσομάτωρ	égal à sa mère
ἰσχάς	ancre
ἰσχιάς	maladie de la hanche, goutte sciatique
ἰχθυβόλος	pêcheur
ἰχθύβολος	pêcheur
ἰχνευτής	ichneumon (rat d'Égypte ou guêpe)
ἰψός	Ipsos, (v.)
ἰωνίς	l'Ionienne
ἰός1	trait, javelot
ἰός2	trait, javelot
ἰώδης	violet ; qui a l'odeur de la violette
ἱερά	la galère sacrée, la galère de Dèlos ou la galère Salaminienne ou Paralienne ; la ligne sacrée remuer la pièce voisine de la ligne sacrée, user de ses dernières ressources ; sorte de vipère
ἱεράομαι	consacrer au culte, se consacrer au culte, être prêtre ou prêtresse
ἱερόν	toute chose sacrée ou consacrée
ἱππάς	la classe des chevaliers, l'ordre équestre
ἱππικός	habile cavalier
ἱπποδέτης	qui attache les chevaux (Hèraklès)
ἱππομάχος	qui combat à cheval
ἱπποφορβός	celui qui élève un cheval, des chevaux
ἱππότης	idée que l'esprit conçoit du cheval
ἴδη	nuance ou teinte légère
ἴδιος	le domaine qui appartient en propre à qqn, sa propriété
ἴδρις	la fourmi (la sage, la prudente)
ἴκταρ	sorte de poisson
ἴκτινος	Iktinos
ἴσθμιον	sorte de couronne
ἴσκω	dire (v.)
ἴσχαιμος	plante hémostatique
ἵνιον	setier, pour les liquides et les matières sèches
ἵππος	cavale, jument
Ἰάλεμος	lamentation, chant funèbre
Ἰάπυξ	vent ouest-nord-ouest
Ἰάρδανος	Iardanos
Ἰάς	Ionie ; dialecte ionien ; la fleur d'Ionie, la violette
Ἰάων	Iaôn, (h.) ; l'Iaôn, (fl.)
Ἰδαῖος	Idæos
Ἰηλύσιος	d'Ialysos
Ἰθώματας	du mt Ithôme
Ἰκάριος	Ikarios
Ἰλιάς	une Troyenne ; le territoire d'Ilion ; l'Iliade
Ἰλλυρίς	l'Illyrie
Ἰνδός	Indien
Ἰούλιος	le mois de juillet
Ἰούνιος	Junius, (h. rom.)
Ἰσθμιάς	Isthmiade
Ἰσθμοῖ	sur l'isthme
Ἰσιακός	prêtre d'Isis
Ἰσμήνιος	le dieu du fleuve Ismènos, Apollon
Ἰταλός	Halos
Ἰχνευτήρ	ichneumon (rat d'Égypte ou guêpe)
Ἰχνευτής	ichneumon (rat d'Égypte ou guêpe)
Ἰωνίς	l'Ionienne
Ἰόνιος	la mer Ionienne.
Ἰώλκιος	Iôlkios, (h.)
Ἱκέτης	Hikétas ou Ikétès, (h.)
Ἱμέραιος	Himéræos, (h.)
Ἱμεραῖος	Himéræos, (h.)
Ἱπποδρόμος	soldat de cavalerie légère
Ἱππόδαμος	Hippodamos
Ἱππός	cavale, jument
Ἴακχος	Iakkhos
Ἴασος	Iasos
Ἴβηρ	l'Èbre
Ἴης	aller.
Ἴθακος	l'Ithacien, Ulysse
Ἴκαρος	Ikaros (Icare)
Ἴλιος	Ilios ou Ilion, anc. n. de Troie
Ἴστρος	Istros, (v.)
Ἴφις	Iphis, (h.)
Ἴων	Iôn (Ion)
Ἵεραξ	Hiérax, (h.)
Ἵππος	cavale, jument
Ἶρις	Iris
Ἶφις	Iphis, (h.)
ὀίζω	se lamenter
ὀγκητής	qui brait
ὀγκοειδής	enflé
ὀγκώδης	enflé
ὀιζυρός	lamentable, pénible
ὀιζύς	misère, infortune
ὀιζύω	se lamenter ; souffrir
ὀιστός	trait, flèche
ὀκτώπους	qui marche sur huit pieds, le scorpion
ὀλή	cicatrice
ὀλός	funeste, pernicieux ; perdu, détruit, ruiné
ὀμφακῖτις	sorte de noix de galle
ὀνεία	peau d'âne
ὀνειροπόλος	interprète des songes
ὀνειρόπολος	interprète des songes
ὀνομάκλυτος	au nom célèbre
ὀξίνης	vin aigri
ὀξυβελής	machine à lancer des traits
ὀπίζω	regarder ou traiter avec une crainte respectueuse, respecter, honorer, vénérer ; se mettre en garde contre
ὀπίσω	l'arrière, derrière
ὀπηδεύω	suivre, accompagner
ὀπισθόδομος	derrière d'une maison ou d'un temple
ὀπισθότονος	&gt; ὀπισθοτονία
ὀπιτθοτίλα	qui lance sa liqueur de derrière
ὀπτός	visible
ὀργάς	terre grasse et fertile, contrée boisée ; portion de territoire fertile consacrée à Dèmèter et à Perséphonè
ὀρειβασία	marche dans les montagnes
ὀρεοκόμος	qui soigne les mulets, muletier
ὀρχάς	sorte d'olive
ὀστεοκόπος	courbature
ὀστρακίτης	sorte de gâteau ; ostracite
ὀττεία	divination d'après les sons, les bruits ; crainte religieuse, superstition
ὀφέλλω	faire grossir, gonfler, enfler
ὀφίτης	ophite
ὀφείδιον	petit serpent
ὀφθαλμικός	oculiste
ὀφιοῦχος	le Serpentaire
ὀχέω	couvrir, saillir
ὀχή	action de saillir
ὀχεῖον	ce qui porte ou soutient
ὀᾶ	cri de douleur
ὁδίτης	voyageur
ὁλκαία	queue traînante d'un animal
ὁλκός1	action de tirer, traction ; instrument ou appareil pour tirer ; action de se tirer, de se traîner ; sorte d'araignée-loup
ὁλκός2	action de tirer, traction ; instrument ou appareil pour tirer ; action de se tirer, de se traîner ; sorte d'araignée-loup
ὁλοίτροχος	bloc de pierre
ὁλόπυρος	blé cuit sans être moulu
ὁμηρεύω	être uni, d'accord avec
ὁμόνομος	soumis aux mêmes lois
ὁμόστολος	envoyé ensemble ou avec
ὁμῶλαξ	voisin de sillons
ὁπλίτης	hoplite ou soldat d'infanterie pesamment armé armé de la forte lance et du grand bouclier
ὁπλομάχος	maître d'armes qui enseigne l'escrime avec de vraies armes et non avec des bâtons
ὁπλότατος	plus jeune, (le mieux armé par les bras, les mains, à cause de la vigueur de la jeunesse)
ὁππῆμος	en quelle circonstance, quand, lorsque
ὁσσάτιος	tu vois combien est grande la force des dieux ! ; précédé d'une prép.
ὄα	cormier
ὄγκος1	courbure
ὄγκος2	courbure
ὄις	(poét.) mouton, brebis
ὄμβρος	pluie d'orage ; eau ; urine
ὄναρ	en songe
ὄνειαρ	songe, rêve
ὄνειος	utile
ὄντα	la nature des choses, la réalité
ὄπις	en arrière, derrière, et dans les dérivés ou composés de près, à, derrière
ὄπισθεν	ceux qui viennent derrière, les suivants
ὄρος	le mt Ballènæon, la montagne du roi
ὄρχις	sorte d'olive
ὄφελμα	accroissement, avantage
ὄχος	réceptacle, abri
ὄψ	regard, vue
ὅθι	où, là où
ὅμαυλος	qui vit ensemble ou auprès, limitrophe, voisin
ὅμηρος	gage, otage
ὅρμενος	tige, pousse, trognon de chou
ὅρμημα	lieu de mouillage
ὅς	3e~pers. son, sa ; des 1re et 2e~pers. sg. et pl.
ὅτε	jusqu'à ce que
Ὀλβία	bonheur
Ὀλοίτροχος	qui court ou roule tout d'une masse (pierre)
Ὀλυμπιάς	vent qui souffle du mt Olympe
Ὀλυμπιακός	d'Olympie
Ὀλυμπικός	d'Olympie
Ὀλύμπιος	l'Olympien, Zeus
Ὀρμένιος	Orménios, (h.)
Ὄγκος	courbure
Ὄδιος	qui concerne le voyage
Ὅρμή	Hormè
Ὅρος	le mt Ballènæon, la montagne du roi
ὑίδιον	tout jeune fils, cher petit enfant
ὑδερικός	malade atteint d'hydropisie, hydropique
ὑδρήχοος	&gt; ὑδροχοεύς
ὑδραγωγός	ingénieur chargé du service des eaux ; inspecteur des aqueducs ; aqueduc
ὑδροφόρος	porteur d'eau, porteuse d'eau
ὑδρόφοβος	hydrophobie (crainte de l'eau)
ὑδρόφορος	porteur d'eau, porteuse d'eau
ὑλοτόμος	bûcheron ; ou charpentier
ὑλουργός	charpentier, bûcheron
ὑμνοποιός	poète d'hymnes
ὑμνοπόλος	poète d'hymnes
ὑπάλπειος	la région subalpine
ὑπάτη	la dernière corde, la plus basse, extrême, suprême
ὑπένερθε	les habitants des enfers
ὑπήκοον	la partie sujette (des alliés)
ὑπήκοος	le pays soumis
ὑπαγκάλιος	qu'on prend dans ses bras, qu'on embrasse
ὑπατικός	personnage consulaire
ὑπειράλιος	situé au bord de la mer, maritime
ὑπερβολαῖος	le ton le plus élevé dans la gamme de quatre ou cinq tétrachordes
ὑπερμαζάω	être nourri d'une pâte trop substantielle, être gonflé
ὑπερορία	le territoire situé hors des frontières, hors de l'Attique
ὑπερτελής	qui s'élève au-dessus de
ὑπερῴα	la partie supérieure de la bouche, le palais
ὑπογάστριον	le bas-ventre
ὑπογαστρίδιον	le bas-ventre
ὑποθυμίς	guirlande de fleurs qu'on se mettait autour du cou pour en mieux respirer les parfums
ὑπονίφω	il neigeait un peu
ὑπόβρυχα	sous l'eau, au fond de l'eau
ὑπόγυος	qui est sous la main
ὑπόδρομος	qui court sous, qui aborde à ; qui se rencontre sous
ὑπόθεσις	l'hypothèse que
ὑπόλογος1	porté en compte
ὑπόλογος2	porté en compte
ὑπόνομος	conduit souterrain, mine ; tuyau à eau, conduite d'eau
ὑστέρα	le lendemain
ὑφήλιος	la terre.
ὒ	ou mieux ὔ ὗ juxtaposés, onomatopée pour exprimer le reniflement d’une personne qui flaire
ὕδρωψ	hydropique
ὕπαρ	en état de veille
ὕπαρχος	qui commande sous les autres ou à la place d'un autre
ὕπατος	le consul ; le proconsul
ὕπειμι1	être sous ; être sous la main, à la disposition de ; être de reste, rester
ὕπειμι2	être sous ; être sous la main, à la disposition de ; être de reste, rester
ὕπερον	pilon à mortier ; massue ; instrument de chirurgie
ὕστερον	derrière ; plus tard
ὗς	???? Renvoi sans Issue ????
ὠμηστής	bête féroce
ὡρόνομος	horloge
ὡς	vers
ὤψ	vue, visage
ὥστε	???? Renvoi sans Issue ????
ὦρος	sommeil
Ὠκεανῖτις	le rivage de l'Océan
Ὤρικος	Ôrikos (auj. Orikum)
Ὥρα	soin, souci, sollicitude
Ὦπις	Ôpis
ᾅδης	Hadès (Pluton) roi des enfers ; le séjour des morts, les enfers ; la mort
ᾖα	aller ; s'en aller, partir
ᾗ	celui-ci, celle-ci, ceci, il, elle ; qui, lequel, laquelle
ῥάζω	asperger, arroser
ῥάμμα	aspersion
ῥέζω	teindre
ῥέμβος	paralysie
ῥέον	rhyton (vase à boire en forme de corne)
ῥέω	dire
ῥήτωρ	l'orateur par excellence, Démosthène
ῥαβδοφόρος	sorte d'agent de police
ῥαβδόφορος	sorte d'agent de police
ῥεμβός	paralysie
ῥιζοτόμος	sorte d'iris
ῥιζότομος	sorte d'iris
ῥινάω	conduire par le bout du nez, mystifier, duper
ῥινίον	narine
ῥοίζω	traverser d'un vol impétueux
ῥοδῆ	buisson de roses
ῥοιάς	écoulement
ῥυάς	larmoiement
ῥυππαπαί	la race des matelots.
ῥυπόω	être sale, malpropre
ῥυσίς	délivrance
ῥυτά	rênes, guides
ῥυτήρ	celui qui tire
ῥυτόν	rhyton (vase à boire en forme de corne)
ῥυτός	vase à boire en forme de corne
ῥωχμός	fente, crevasse
ῥύπος	petit-lait
ῥύσις	délivrance
ῥύτωρ	qui protège, protecteur, défenseur de
ῥᾴδια	sorte de chaussures souples et aisées
ῥᾶ	facilement
ῥῖπος	???? Renvoi sans Issue ????
ῥῦμα	ce qu'on tire à soi
ῥῦσις	délivrance
