Αἰαντίδης1	Αἰαντίδης	son of Ajax
Αἰαντίδης2	Αἰαντίδης	son of Ajax
Αἰγαίων1	Αἰγαίων	the Aegaean sea
Αἰγαίων1	Αἰγαῖος	mount Ida
Αἰγαίων2	Αἰγαίων	the Aegaean sea
Αἰγαίων2	Αἰγαῖος	mount Ida
Αἰγύπτιος1	Αἰγύπτιος	in Egyptian style
Αἰγύπτιος2	Αἰγύπτιος	in Egyptian style
Βράγχος2	Βράγχος	hoarseness or sore throat causing hoarseness
Βράγχος2	βράγχος	hoarseness or sore throat causing hoarseness
Γάλλος1	Γάλλος	priest of Cybele
Δάρδανος2	Δάρδανος	Dardanus
Δάρδανος3	Δάρδανος	Dardanus
Δήλιος1	Δήλιος	Delian
Δήλιος2	Δήλιος	Delian
Δία2	Ζεύς	Zeus
Δία2	δῖος	heavenly
Δαρεῖος1	Δαρεῖος	Dārayavauš 'upholder of the Good'
Δαρεῖος2	Δαρεῖος	Dārayavauš 'upholder of the Good'
Δημήτριος1	Δημήτριος	of or belonging to Demeter
Δημήτριος2	Δημήτριος	of or belonging to Demeter
Διονύσιος1	Διονύσιος	of Dionysus
Διονύσιος2	Διονύσιος	of Dionysus
Δωρίς2	Δωρίς	Dorian knife
Δωριεύς2	Δωριεύς	Dorian, descendant of Dorus
Δῆλος1	Δῆλος	Delos
Δῆλος1	δῆλος	visible, conspicuous
Δῆλος2	Δῆλος	Delos
Δῆλος2	δῆλος	visible, conspicuous
Εὔκλεια1	Εὔκλεια	good repute, glory
Εὔκλεια1	εὔκλεια	good repute, glory
Εὔκλεια2	Εὔκλεια	good repute, glory
Εὔκλεια2	εὔκλεια	good repute, glory
Θέων1	θέω	run
Θέων1	θεάω	gaze at, behold
Θέων2	θέω	run
Θέων2	θεάω	gaze at, behold
Θεσσαλός1	Θεσσαλός	shoe
Θεσσαλός2	Θεσσαλός	shoe
Θυῖα1	Θυία	odorous cedar, Juniperus foetidissima
Θυῖα1	θυία	odorous cedar, Juniperus foetidissima
Θυῖα1	θυῖον	resin
Θυῖα2	Θυία	odorous cedar, Juniperus foetidissima
Θυῖα2	θυία	odorous cedar, Juniperus foetidissima
Θυῖα2	θυῖον	resin
Καρίνη1	Καρίνη	Carian woman
Καρίνη2	Καρίνη	Carian woman
Κιρκαῖον πεδίον2	πεδίον	plain
Κιρκαῖον πεδίον2	πεδάω	bind with fetters
Κύρνος1	Κύρνος	a nest of robbers
Κύρνος1	κύρνος	a nest of robbers
Κύρνος2	Κύρνος	a nest of robbers
Κύρνος2	κύρνος	a nest of robbers
Λαύριον πεδίον2	πεδίον	plain
Λαύριον πεδίον2	πεδάω	bind with fetters
Ληναῖος1	ληναῖος	belonging to the wine-press
Ληναῖος2	ληναῖος	belonging to the wine-press
Μάγνης1	Μάγνης	the magnet
Μάγνης2	Μάγνης	the magnet
Μεγαρεύς1	Μεγαρεύς	citizen of Megara
Μεγαρεύς2	Μεγαρεύς	citizen of Megara
Νήριτος1	Νήριτος	countless, immense
Νήριτος1	νήριτος	countless, immense
Νήριτος2	Νήριτος	countless, immense
Νήριτος2	νήριτος	countless, immense
Ναύπλιος1	ναύπλιος	shell-fish
Ναύπλιος1	Ναύπλιος	shell-fish
Ναύπλιος2	ναύπλιος	shell-fish
Ναύπλιος2	Ναύπλιος	shell-fish
Νῆσος1	νῆσος	island
Νῆσος2	νῆσος	island
Οὔτις2	οὔτις	no one or nobody
Πάραλος1	Πάραλος	by or near the sea
Πάραλος1	πάραλος	by or near the sea
Πάραλος2	Πάραλος	by or near the sea
Πάραλος2	πάραλος	by or near the sea
Πέρσης1	Πέρσης	a Persian; Perses (pr.n.)
Πέρσης1	πέρσις	sacking, sack
Πέρσης2	Πέρσης	a Persian; Perses (pr.n.)
Πέρσης2	πέρσις	sacking, sack
Παίων2	Παιάν	physician, healer
Παίων2	παίω1	strike, smite
Παίων2	παίω2	strike, smite
Πειραεύς1	Πειραιεύς	from P.
Πειραεύς2	Πειραιεύς	from P.
Πειραιεύς1	Πειραιεύς	from P.
Πειραιεύς2	Πειραιεύς	from P.
Πειραϊκός2	Πειραιεύς	from P.
Πειραϊκός2	Πειραικός	over the border
Πειραϊκός2	πειραικός	over the border
Περσικός2	Περσικός	slippers
Πηλείων1	Πηλεύς	son of Peleus
Πηλείων2	Πηλεύς	son of Peleus
Πηλεύς1	Πηλεύς	son of Peleus
Πηλεύς2	Πηλεύς	son of Peleus
Ποσειδώνιος1	Ποσειδώνιος	sacred to Poseidon
Ποσειδώνιος2	Ποσειδώνιος	sacred to Poseidon
Πρίαπος1	Πρίαπος	Priapus
Πρίαπος2	Πρίαπος	Priapus
Πυθιάς2	Πυθιάς	to Apollo
Σάμιος1	Σάμος	a height.
Σάμιος2	Σάμος	a height.
Σαρδόνιος2	Σαρδώ	the Sardinians
Σαρπηδών1	Σαρπηδών	his shrine
Σαρπηδών2	Σαρπηδών	his shrine
Σιδών1	Σιδών	men of Sidon
Σιδών2	Σιδών	men of Sidon
Σιδώνιος1	Σιδών	men of Sidon
Σιδώνιος2	Σιδών	men of Sidon
Συρία1	Σῦρος	a Syrian
Συρία1	Συρία	garment
Συρία1	συρία	garment
Συρία1	Σύριος	of or from Syria
Συρία2	Σῦρος	a Syrian
Συρία2	Συρία	garment
Συρία2	συρία	garment
Συρία2	Σύριος	of or from Syria
Σύριος2	Σύριος	of or from Syria
Ταρπήϊος λόφος2	λόφος	back of the neck
Τελαμών1	Τελαμών	broad strap or band for bearing
Τελαμών1	τελαμών	broad strap or band for bearing
Τελαμών2	Τελαμών	broad strap or band for bearing
Τελαμών2	τελαμών	broad strap or band for bearing
Τυρρηνός1	Τυρρηνός	Tyrrhenian
Τυρρηνός1	Τυρσηνός	Tyrrhenian, Etruscan
Τυρρηνός2	Τυρρηνός	Tyrrhenian
Τυρρηνός2	Τυρσηνός	Tyrrhenian, Etruscan
Φοῖνιξ1	Φοῖνιξ	Phoenician
Φοῖνιξ1	φοῖνιξ	Phoenician
Φροντίς1	φροντίς	thought, care, attention
Φροντίς2	φροντίς	thought, care, attention
Φρυγία2	φρυγία	female roaster
Φρυγία2	Φρύγιος	dry
Φρυγία2	φρύγιος	dry
Φρύξ2	Φρύξ	a Phrygian
Φύσκος1	Φύσκος	botellus
Φύσκος1	φύσκος	botellus
Φύσκος2	Φύσκος	botellus
Φύσκος2	φύσκος	botellus
Φᾶσις2	Φᾶσις	the river Phasis
αἰανής2	αἰανής	eternal
αἰολίζω2	αἰολίζω	trick out with false words
αἴθαλος1	αἴθαλος	smoky flame, thick smoke
αἴθαλος2	αἴθαλος	smoky flame, thick smoke
αἵμων1	αἵμων	eager
αἵμων2	αἵμων	eager
αὐλίδιον1	αὐλίδιον	place of athletic exercises, ring
αὐλίδιον2	αὐλίδιον	place of athletic exercises, ring
αὐτόνοος1	αὐτόνοος	instinct with sense
αὐτόνοος2	αὐτόνοος	instinct with sense
αὔω3	αὖος	dry
αὔω3	αὔω1	get a light, light a fire
αὔω3	αὔω2	cry out, shout, call aloud
βατραχίς1	βατραχίς	frog-green garment
βατραχίς2	βατραχίς	frog-green garment
βοηλατέω2	βοηλατέω	drive away oxen
βουνίτης οἶνος2	βουνίτης	dweller on the hills
βουνίτης οἶνος2	οἶνος	wine
βουνίτης1	βουνίτης	dweller on the hills
βούπαις1	βούπαις	big boy
βούπαις2	βούπαις	big boy
βροχίς1	βροχίς	web
βρωμάομαι1	βρωμάομαι	bray
βρωμάομαι2	βρωμάομαι	bray
βᾶ1	βᾶ	king!
βᾶ1	βάζω	speak, say
βᾶ1	βαίνω	walk, step
βᾶ2	βᾶ	king!
βᾶ2	βάζω	speak, say
βᾶ2	βαίνω	walk, step
γέντο1	γέντο	he grasped
γέντο1	γίγνομαι	come into being; become, to be
γέντο2	γέντο	he grasped
γέντο2	γίγνομαι	come into being; become, to be
γεγωνός1	γεγωνός	loud-sounding, sonorous
γεγωνός1	γέγωνα	shout so as to make oneself heard
γεγωνός2	γεγωνός	loud-sounding, sonorous
γεγωνός2	γέγωνα	shout so as to make oneself heard
γουνός1	γόνυ	knee
γουνός1	γουνός	high ground
γουνός2	γόνυ	knee
γουνός2	γουνός	high ground
γρύζω2	γρύζω	say
δάνος2	δάνος	gift, present
δάϊος2	δάος	firebrand, torch
δάϊος2	δάιος	hostile, destructive
δέομαι1	δέω1	bind, tie, fetter
δέομαι1	δέω2	lack, miss, stand in need of
δέομαι2	δέω1	bind, tie, fetter
δέομαι2	δέω2	lack, miss, stand in need of
δέομαι3	δέω1	bind, tie, fetter
δέομαι3	δέω2	lack, miss, stand in need of
δέον1	δέον	that which is binding, needful, right
δέον1	δέω1	bind, tie, fetter
δέον1	δέω2	lack, miss, stand in need of
δέον1	δεῖ	there is need
δέον2	δέον	that which is binding, needful, right
δέον2	δέω1	bind, tie, fetter
δέον2	δέω2	lack, miss, stand in need of
δέον2	δεῖ	there is need
δέψω1	δέφω	soften
δέψω1	δέψω	work or knead
δέω3	δέω1	bind, tie, fetter
δέω3	δέω2	lack, miss, stand in need of
δέω3	δεῖ	there is need
δίειμι1	δίειμι	go to and fro, roam about
δίεσις2	δίεσις	sending through, discharge
δαίμων2	δαίμων	god, goddess
δημόκοινος1	δημόκοινος	executioner
δημόκοινος2	δημόκοινος	executioner
διάδρομος1	διάδρομος	running through or about, wandering
διάπλοος1	διάπλοος	sailing across or sailing continually
διϊπετής2	Διιπετής	fallen from Zeus
διώνυμος1	διώνυμος	with two names
διώνυμος2	διώνυμος	with two names
δραστήρ1	δραστήρ	cook
δραστήρ2	δραστήρ	cook
δυσήνιος1	δυσήνιος	refractory
δυσήνιος2	δυσήνιος	refractory
δυσαχής1	δυσηχής	ill-sounding
δύω3	δύο	two
δύω3	δύω2	cause to sink, sink, plunge in
δῶ1	δῶμα	house
δῶ1	δίδωμι	give freely
δῶ3	δῶμα	house
δῶ3	δίδωμι	give freely
εἶ1	εἰ	if
εἶ1	εἶμι	shall go, shall come
εἶ1	εἰμί	to be, to exist
εἶ2	εἰ	if
εἶ2	εἶμι	shall go, shall come
εἶ2	εἰμί	to be, to exist
εὐήμερος2	εὐήμερος	of a fine or prosperous day
εὐαγής2	εὐαγής1	free from pollution, pure
εὐαγής2	εὐαγής2	free from pollution, pure
εὐαγής2	εὐαγής3	bright, clear
εὐκτέανος2	εὐκτέανος1	wealthy
εὐκτέανος2	εὐκτέανος2	wealthy
εὐμελής1	εὐμελής	melodious
εὐμελής2	εὐμελής	melodious
εὐμελής3	εὐμελής	melodious
εὐνομία1	εὐνομία	good order
εὐρυγένειος1	εὐρυγένειος	broad-chinned
εὐρυγένειος2	εὐρυγένειος	broad-chinned
εὐρύοπα1	εὐρύοπα	wide-eyed
εὐρύοπα2	εὐρύοπα	wide-eyed
εὐρώεις2	εὐρώεις	mouldy, dank
εὔνομος2	εὔνομος	under good laws, well-ordered
εὔπλοια1	εὔπλοια	a fair voyage
εὔπλοια2	εὔπλοια	a fair voyage
εὔρινος1	εὔρις	with a good nose
εὔρινος1	εὔρινος2	of good leather
εὔτριχος1	εὖθριξ	with beautiful hair
εὔψυχος1	εὔψυχος	of good courage, stout of heart
εὔψυχος2	εὔψυχος	of good courage, stout of heart
εὔωρος1	εὔωρος	careless, neglectful
εὔωρος2	εὔωρος	careless, neglectful
ζωογονία1	ζωογονία	production of animals
ζωστήρ2	ζωστήρ	a warrior's belt
ζῆλος2	ζῆλος	jealousy
θάλεια1	θάλεια	rich, plentiful
θαλέω1	θάλλω	sprout, grow, thrive
θαλέω1	θηλέω	to be full of, abound in
θαλέω2	θάλλω	sprout, grow, thrive
θαλέω2	θηλέω	to be full of, abound in
θείω1	θεῖος2	one's father's or mother's brother, uncle
θείω1	θεῖος1	of or from the gods, divine
θείω1	θέω	run
θείω1	θεάω	gaze at, behold
θείω1	θειόω	fumigate with brimstone
θείω1	τίθημι	set, put, place
θείω2	θεῖος2	one's father's or mother's brother, uncle
θείω2	θεῖος1	of or from the gods, divine
θείω2	θέω	run
θείω2	θεάω	gaze at, behold
θείω2	θειόω	fumigate with brimstone
θείω2	τίθημι	set, put, place
θειόω1	θειάζω	to be inspired, frenzied
θειόω1	θειόω	fumigate with brimstone
θειόω2	θειάζω	to be inspired, frenzied
θειόω2	θειόω	fumigate with brimstone
θεόω1	θεάομαι	gaze at, behold
θεόω1	θεάω	gaze at, behold
θεόω2	θεάομαι	gaze at, behold
θεόω2	θεάω	gaze at, behold
θολός2	θολός	mud, dirt
θρυλίζω1	θρυλίζω	make a false note
θρυλίζω2	θρυλίζω	make a false note
θυώδης1	θυώδης	smelling of incense, fragrant
θυώδης2	θυώδης	smelling of incense, fragrant
θύσις1	θύσις	raging
θύσις2	θύσις	raging
θῆσσα2	θῆσσα1	tensa, sacred car
θῆσσα2	θῆσσα2	tensa, sacred car
κάλλος2	κάλλος	beauty
κάλως1	κάλως	reefing rope, reef
κάμμορος1	κάμμορος	subject to destiny
κάμμορος2	κάμμορος	subject to destiny
κάμπη1	κάμπη	caterpillar
κάμπη1	κάμπος	a sea-monster
κάμπη1	κάμπτω	ka[mtilde]p-as
κάρ1	κατά	downwards.
κάρ3	κατά	downwards.
κάρος2	κάρος	heavy sleep, torpor
καλαμευτής1	καλαμευτής	reaper, mower
καλαμευτής2	καλαμευτής	reaper, mower
καρυατίζω1	καρυατίζω	play with nuts
καρυατίζω2	καρυατίζω	play with nuts
κατά2	κατά	downwards.
καταδέομαι1	καταδέομαι	entreat earnestly
καταδέομαι1	καταδέω	bind on or to, bind fast
καταδέομαι1	καταδέω1	bind on or to, bind fast
καταδέομαι1	καταδέω2	lack, need
καταδεῶς1	καταδεής	wanting in, lacking
καταδεῶς2	καταδεής	wanting in, lacking
κατακτός1	κατακτός	capable of being broken
κατακτός2	κατακτός	capable of being broken
καταντία1	καταντία	hanging downwards
καταντία2	καταντία	hanging downwards
κερδῷος1	κερδῷος	bringing gain
κερδῷος2	κερδῷος	bringing gain
κηρόω1	κηρόω	wax over
κητώεις1	κητώεις	full of hollows or ravines
κητώεις2	κητώεις	full of hollows or ravines
κισσώδης1	κισσώδης	longing like pregnant women
κισσώδης2	κισσώδης	longing like pregnant women
κιχλίζω1	κιχλίζω	titter, giggle
κιχλίζω2	κιχλίζω	titter, giggle
κλάσις2	κλάσις	breaking, fracture
κλάω2	κλάω	break, break off
κλάω2	κλαίω	cry, wail, lament
κλίσιον2	κλίσιον	outbuildings round a
κνύζω1	κνυζόω	make dim or dark
κνύζω2	κνυζόω	make dim or dark
κολλητός1	κολλητός	glued together, closely joined
κολλητός2	κολλητός	glued together, closely joined
κοριοειδής1	κοριοειδής	like the pupil of the eye, dark-gleaming
κοριοειδής2	κοριοειδής	like the pupil of the eye, dark-gleaming
κουρίς2	κουρίς	shears
κοῖος1	ποῖος	of what kind?
κοῖος2	ποῖος	of what kind?
κραδάω1	κραδάω	suffer from blight
κραδάω2	κραδάω	suffer from blight
κροκώδης1	κροκώδης	saffron-coloured
κροκώδης2	κροκώδης	saffron-coloured
κόλος2	κόλος	docked
κόρακος1	κόραξ	raven, Corvus corax
κόρακος2	κόραξ	raven, Corvus corax
κόρις2	κόρις	bug, Cimex lectularius
κύανος2	κύανος	dark-blue enamel
κῆ1	πη	somewhere, anywhere
κῆ2	πη	somewhere, anywhere
κῶς2	πῶς	how?
κῶς2	πως	in any way, at all, by any means
λάω1	λάω2	seize, hold
λαοσσόος2	λαοσσόος	rousing or stirring the nations
λιπαρῶς1	λιπαρής	persisting or persevering
λιπαρῶς1	λιπαρός	oily, shiny with oil
λιπόρρινος1	λιπόρρινος	without skin
λιπόρρινος2	λιπόρρινος	without skin
λογάδες2	λογάς	picked, chosen
λοιγός2	λοιγός	ruin, havoc
μάγος2	Μάγος	one of the priests and wise men in Persia
μάλιον1	μάλιον	long hair, pigtail
μάλιον2	μάλιον	long hair, pigtail
μάν1	μήν	verily, truly
μάν2	μήν	verily, truly
μάν3	μήν	verily, truly
μάτη1	μάτη	folly, fault
μάτη1	μάτος	search
μάτη1	ματάω	to be idle, dally
μάτη2	μάτη	folly, fault
μάτη2	μάτος	search
μάτη2	ματάω	to be idle, dally
μέγαρον1	μέγαρον	large room, hall
μέγαρον2	μέγαρον	large room, hall
μέλε1	μέλω	to be an object of care or thought
μέσακτος1	μέσακτος	half-way between two shores, in mid-sea
μέσακτος2	μέσακτος	half-way between two shores, in mid-sea
μήλειος1	μήλειος	of or belonging to a sheep
μήλειος2	μήλειος	of or belonging to a sheep
μήτι1	μήτις	do I
μήτι1	μῆτις	wisdom, skill, craft
μήτι2	μήτις	do I
μήτι2	μῆτις	wisdom, skill, craft
μίνθος1	μίνθος	human ordure
μίνθος2	μίνθος	human ordure
μαζός1	μαστός	b
μαζός2	μαστός	b
ματέω1	ματάω	to be idle, dally
ματέω2	ματάω	to be idle, dally
μείρομαι2	μείρομαι	receive as one's portion
μείρομαι3	μείρομαι	receive as one's portion
μελάνδρυος1	μελάνδρυος	dark as the oak, dark-leaved
μελάνδρυος2	μελάνδρυος	dark as the oak, dark-leaved
μητρῷος2	μητρῷος	of a mother
μορέω1	μορέω	make with pain and toil
μορέω2	μορέω	make with pain and toil
μορίη1	μορία	the sacred olives
μορίη2	μορία	the sacred olives
μυστήριον2	μυστήριον	mystery or secret rite
μυωπία1	μυωπίας	shortsighted person
μυωπία2	μυωπίας	shortsighted person
μόρια2	μόριον	piece, portion
μόριος Ζεύς2	Ζεύς	Zeus
μόρος1	μόρος	fate, destiny
μύκης1	μύκης	mushroom
μύλος2	μύλος	mill
μύωψ2	μύωψ	closing or contracting the eyes
μῦ1	μῦς	mouse or rat
μῦ2	μῦς	mouse or rat
νάκη1	νάκη	woolly or hairy skin
νάκη1	νάκος	fleece
νάκη2	νάκη	woolly or hairy skin
νάκη2	νάκος	fleece
νάρκα1	νάρκη	numbness, deadness
νάρκα1	ναρκάω	grow stiff or numb
νάρκα2	νάρκη	numbness, deadness
νάρκα2	ναρκάω	grow stiff or numb
ναοφύλαξ1	ναοφύλαξ	keeper, warden of a temple
ναοφύλαξ2	ναοφύλαξ	keeper, warden of a temple
ναυαγός2	ναυαγός	shipwrecked
νεαλής1	νεαλής	newly caught
νεαλής2	νεαλής	newly caught
νεοθηλής1	νεοθηλής	fresh-budding or sprouting
νεοθηλής2	νεοθηλής	fresh-budding or sprouting
νεοχμός2	νεοχμός	new
νεός1	ναῦς	ship
νεώς1	ναός	temple
νεώς1	ναῦς	ship
νουμήνιος1	νουμήνιος	used at the new moon
νουμήνιος2	νουμήνιος	used at the new moon
νύμφα1	νύμφη	young wife, bride
νύμφα2	νύμφη	young wife, bride
ξυστικός1	ξυστικός	of or for scraping
ξυστικός2	ξυστικός	of or for scraping
οἰοπόλος1	οἰοπόλος	lonely
οἰοπόλος2	οἰοπόλος	lonely
οἴη1	οἶος	alone, lonely
οἴη2	οἶος	alone, lonely
οἷ1	ἕ	him, her
οἷ1	ὁ	the, that
οὐλάς1	οὐλάς	crisped, crinkled
οὐλάς1	οὐλαί	barley-corns, barley-groats
οὐλάς2	οὐλάς	crisped, crinkled
οὐλάς2	οὐλαί	barley-corns, barley-groats
οὐλοκάρηνος1	οὐλοκάρηνος	with crisp, curling hair
οὐλοκάρηνος2	οὐλοκάρηνος	with crisp, curling hair
οὐρία1	οὔριος	with a fair wind
οὐρίζω1	ὁρίζω	divide or separate from, as a border
οὐραχός2	οὐραχός	urachus
οὐρεύς1	ὀρεύς	mule
οὐρεύς1	οὐρεύς	a guard, warder
οὐρεύς2	ὀρεύς	mule
οὐρεύς2	οὐρεύς	a guard, warder
οὖρος3	ὄρος	mountain, hill
οὖρος3	οὖρος1	fair wind
οὖρος3	οὖρος2	watcher, guardian
οὖρος3	οὖρος3	fair wind
οὖρος5	ὄρος	mountain, hill
οὖρος5	οὖρος1	fair wind
οὖρος5	οὖρος2	watcher, guardian
οὖρος5	οὖρος3	fair wind
πάγκαρπος2	πάγκαρπος	of all kinds of fruit
πάμμηνος1	πάμμηνος	through all months, through the live-long year
πάμμηνος2	πάμμηνος	through all months, through the live-long year
πέπερις1	πέπερι	pepper, Piper nigrum
πέπερις2	πέπερι	pepper, Piper nigrum
πίασμα2	πίασμα	that which makes fat
πίτνω1	πίπτω	fall down, and (when intentional) cast oneself down
πίτνω1	πίτνημι	spread out
πίτνω2	πίπτω	fall down, and (when intentional) cast oneself down
πίτνω2	πίτνημι	spread out
παιδιώδης1	παιδιώδης	playful
παιδιώδης2	παιδιώδης	playful
παιωνικός1	παιωνικός	healing
παιωνικός2	παιωνικός	healing
παιώνιος1	Παιώνιος2	belonging to Paeon or medicine, healing
παιώνιος1	παιώνιος	belonging to Paeon or medicine, healing
παιώνιος2	Παιώνιος2	belonging to Paeon or medicine, healing
παιώνιος2	παιώνιος	belonging to Paeon or medicine, healing
παλματίας1	παλματίας	with violent shocks
παλματίας2	παλματίας	with violent shocks
πανίον1	πηνίον	to/
πανίον1	πανάω	use up together
πανίον2	πηνίον	to/
πανίον2	πανάω	use up together
παντορέκτης1	παντορέκτης	all-desiring
παντορέκτης2	παντορέκτης	all-desiring
παράπλοος2	παράπλοος	coasting voyage
παράφασις3	παράφασις	address, encouragement, consolation
παρανέω1	παρανέω	swim beside
παρανέω2	παρανέω	swim beside
παραπάσσω1	παραπάσσω	sprinkle beside or into
παραπάσσω2	παραπάσσω	sprinkle beside or into
παρείκω2	παρείκω	give way
παρείκω2	παρίημι	let fall at the side, let fall
παρών2	παρών	light ship
παρών2	πάρειμι1	be by or be present
πατέω1	πατέω	tread, walk
περάω3	περάω1	drive right through
περάω3	περάω2	drive right through
περιάπτω1	περίαπτος	hung round, appended
περιάπτω1	περιάπτω	tie, fasten, hang about or upon
περιάπτω1	περιιάπτω	wound all round
περιάπτω2	περίαπτος	hung round, appended
περιάπτω2	περιάπτω	tie, fasten, hang about or upon
περιάπτω2	περιιάπτω	wound all round
πλάζω2	πλάζω	turn aside or away from
πλάστιγξ1	πλάστιγξ	scale of a balance
πλάστιγξ2	πλάστιγξ	scale of a balance
πλέω2	πλέως	full, filled
πλέω2	πλείων	more
πλέων1	πλέως	full, filled
πλέων1	πλέω	sail, go by sea
πλείω2	πλέως	full, filled
πλείω2	πλείων	more
πλείω2	πλέω	sail, go by sea
πλεῖν2	πλείων	more
πλεῖν2	πέλω	come into existence, become, be
πλεῖν2	πλέω	sail, go by sea
πλοῦτος2	πλοῦτος1	wealth, riches
πλοῦτος2	πλοῦτος2	wealth, riches
ποία1	πόα	grass
ποία1	ποῖος	of what kind?
ποία2	πόα	grass
ποία2	ποῖος	of what kind?
ποίη1	πόα	grass
ποίη1	ποῖος	of what kind?
ποίη1	ποιέω	make
πρίων2	πρίων1	saw
πρίων2	πρίων2	saw
πρίων3	πρίων1	saw
πρίων3	πρίων2	saw
προσδοκέω1	προσδοκάω	expect
προσδοκέω1	προσδοκέω	to be thought besides
προσδοκέω2	προσδοκάω	expect
προσδοκέω2	προσδοκέω	to be thought besides
πρόγονος2	πρόγονος	early-born
πρῆσις1	πρᾶσις	sale
πτέρνα2	πτέρνη	heel
πυλεών1	πυλεών	wreath
πυλεών2	πυλεών	wreath
πυρίδιον2	πυρίδιον	spark
πυρσός2	πυρσός	firebrand, torch
πυρσός2	πυρρός	flame-coloured, yellowish-red
πύξ2	πύξ	with the fist
σάκος1	σάκκος	coarse cloth of hair
σάκτας2	σάκτας	sack
σάλος2	σάλος	tossing motion
σάω2	σῶς	safe and sound, alive and well
σήκωμα2	σήκωμα	a weight in the balance, standard weight
σήψ1	σήψ	putrefying sore
σίδη2	σίδη	pomegranate
σακεσφόρος1	σακεσφόρος	shieldbearing
σακεσφόρος2	σακεσφόρος	shieldbearing
σακτός1	σακτός	crammed, stuffed
σακτός2	σακτός	crammed, stuffed
σκάλλω2	σκάλλω	stir up, hoe
σοῦ3	σύ	thou
σοῦ3	σός	thy, thine (also possessive pronoun)
σπειρίον1	σπειρίον	light summer garment
σπειρίον1	σπειράομαι	to be coiled or folded round
σπειρίον2	σπειρίον	light summer garment
σπειρίον2	σπειράομαι	to be coiled or folded round
στάδιος1	στάδιος	standing fast and firm
στρουθίζω1	στρουθίζω	chirp like a
στρουθίζω2	στρουθίζω	chirp like a
στρούθειον μῆλον1	μῆλον1	sheep or goat
στρούθειον μῆλον1	μῆλον2	apple
στρούθειον μῆλον1	στρούθειος	of an ostrich
στρούθειον2	στρούθειος	of an ostrich
στύπος2	στύπος	stem, stump, block
συνίω2	σύνειμι1	sum
συνίω2	σύνειμι2	ibo) go or come together, assemble
συνίω2	συνίημι	bring or set together
συννέω3	συννέω	swim together
συννέω3	συννέω2	pile or heap together, heap up
συρίζω2	συρίζω	yw
σχεδίη1	σχεδία	raft, float
σχεδίη1	σχέδιος	near
σχεδίη2	σχεδία	raft, float
σχεδίη2	σχέδιος	near
σχοινίς2	σχοινίς	rope, cord
σόος1	σῶς	safe and sound, alive and well
σόος2	σῶς	safe and sound, alive and well
σύαγρος1	σύαγρος	wild boar or sow, wild swine
σύνοδος1	σύνοδος2	assembly, meeting
σῶς2	σός	thy, thine (also possessive pronoun)
σῶς2	σῶς	safe and sound, alive and well
τάριχος3	τάριχος1	dead body preserved by embalming, mummy
τάριχος3	τάριχος2	dead body preserved by embalming, mummy
τέμω2	τέμνω	cut
τέμω2	τέτμον	overtake, reach, find
τίω2	τίω	to pay honour to
τετράπεδος1	τετράπεδος	with four surfaces or sides, squared
τετράπεδος2	τετράπεδος	with four surfaces or sides, squared
τιταίνω2	τιταίνω	stretch
τοί1	σύ	thou
τοί1	ὁ	the, that
τοί1	τοι	let me tell you, mark you, look you
τοί2	σύ	thou
τοί2	ὁ	the, that
τοί2	τοι	let me tell you, mark you, look you
τοί3	σύ	thou
τοί3	ὁ	the, that
τοί3	τοι	let me tell you, mark you, look you
τομίας1	τομίας	one who has been castrated
τομίας2	τομίας	one who has been castrated
τρίχα1	τρίχα	in three parts or ways
τρίχα1	θρίξ	hair
τό2	ὁ	the, that
τόσσαις2	τόσος	so great, so vast
τόσσαις2	τόσσαις	happen
φάρος1	φᾶρος	a large piece of cloth, web
φακέα1	φακῆ	dish of lentils
φαντός1	φαντός	visible
φαντός2	φαντός	visible
φιλάνθρωπος2	φιλάνθρωπος	loving mankind, humane, benevolent, tender-hearted
φοινίκιον1	φοινίκιον	palm-wine
φοινίκιον1	φοινίκιος	palm
φοινίκιον2	φοινίκιον	palm-wine
φοινίκιον2	φοινίκιος	palm
φοινικίζω1	φοινικίζω	imitate the Phoenicians
φοινικίζω2	φοινικίζω	imitate the Phoenicians
φοινικοῦς1	φοινίκεος	purple-red, crimson
φοινικοῦς2	φοινίκεος	purple-red, crimson
φοινός2	φοινός	blood-red
φοῖνιξ2	φοῖνιξ	Phoenician
φράττω1	φράσσω	fence in, hedge round
φράττω1	φράζω	point out, show
φράττω2	φράσσω	fence in, hedge round
φράττω2	φράζω	point out, show
χιάζω1	χιάζω	play the Chian
χιάζω2	χιάζω	play the Chian
χράω3	χράω1	fall upon, attack, assail
χράω3	χράω2	proclaim
χράω3	χραύω	scrape, graze, wound slightly
χράω4	χράω1	fall upon, attack, assail
χράω4	χράω2	proclaim
χράω4	χραύω	scrape, graze, wound slightly
χρεῖος1	χρέος	that which one needs must pay, obligation, debt
χρηστήριος1	χρηστήριος	oracular, prophetic
χρηστήριος2	χρηστήριος	oracular, prophetic
χρῆσις2	χρῆσις	employment, use
χρῆσις3	χρῆσις	employment, use
χωρίζω1	χωρίζω	separate, divide
χόος2	χοῦς2	soil excavated or heaped up
ψυχόω1	ψυχάζω	refresh oneself in the shade
ψυχόω1	ψυχόω	give soul to
ψυχόω2	ψυχάζω	refresh oneself in the shade
ψυχόω2	ψυχόω	give soul to
ἀάω2	ἀάω	hurt, damage
ἀγάστωρ1	ἀγάστωρ	from the same womb:
ἀγάστωρ2	ἀγάστωρ	from the same womb:
ἀγροτέρα1	ἀγρότερος	wild
ἀγρώστης1	ἄγρωστις	dog's-tooth grass, Cynodon Dactylon
ἀγρώστης1	ἀγρότης	countryman, rustic
ἀγρώστης1	ἀγρώστης	wild
ἀκίς1	ἀκίς	pointed object
ἀκίς2	ἀκίς	pointed object
ἀκλήϊστος1	ἄκλειστος	not closed or fastened
ἀκλήϊστος2	ἄκλειστος	not closed or fastened
ἀκρασία2	ἀκρασία	bad mixture, ill temperature
ἀκρασία2	ἀκρασία2	bad mixture, ill temperature
ἀκροπόρος1	ἀκροπόρος	boring through, piercing with the point
ἀκροπόρος2	ἀκροπόρος	boring through, piercing with the point
ἀκρόνυχος2	ἀκρόνυχος	at nightfall
ἀκρόνυχος2	ἀκρώνυχος	with nails, claws, hoofs
ἀκόνιτος1	ἀκόνιτος	without dust, combat or struggle
ἀκόνιτος2	ἀκόνιτος	without dust, combat or struggle
ἀκόνιτος3	ἀκόνιτος	without dust, combat or struggle
ἀκόρητος1	ἀκόρητος	insatiate, unsated
ἀκόρητος2	ἀκόρητος	insatiate, unsated
ἀκύμων1	ἀκύμαντος	not washed by waves
ἀλέα2	ἀλέα	avoiding, escape
ἀλέκτωρ2	ἀλέκτωρ	cock
ἀλιπής2	ἀλιπής	without fat meagre, poor
ἀμμορία2	ἀμμορία	what is not
ἀμφιμήτριος1	ἀμφιμήτριος	round the womb, concerning it
ἀμφιμήτριος2	ἀμφιμήτριος	round the womb, concerning it
ἀνάπτω1	ἄναπτος	not to be touched, impalpable
ἀνάπτω1	ἀνάπτω	make fast on or to
ἀνάστατος2	ἀνάστατος	made to rise up and depart, driven from one's house and home
ἀνίδρωσις1	ἀνίδρωσις	sweating
ἀνίδρωσις2	ἀνίδρωσις	sweating
ἀναγωγία1	ἀναγωγία	want of discipline, dissoluteness, corruption
ἀναδαίω1	ἀναδαίω	light up
ἀναδαίω2	ἀναδαίω	light up
ἀνακλάω2	ἀνακλάω	bend back
ἀνιάομαι2	ἀνιάομαι	cure again, repair
ἀνιάομαι2	ἀνιάω	grieve, distress
ἀντίον1	ἀντίος	set against
ἀντίον1	ἀντάω	come opposite to, meet face to face, meet with
ἀπίων2	ἄπιον	pear
ἀπίων2	ἄπιος1	pear-tree, Pyrus communis
ἀπίων2	ἄπιος2	far away, far off, distant
ἀπίων2	ἀπίων	not fat
ἀπείρατος3	ἀπείρητος	without trial
ἀπελάω2	ἀπελαύνω	drive away, expel from
ἀποκλάω2	ἀποκλάω	break off
ἀποκλάω2	ἀποκλαίω	weep aloud
ἀποπρίω1	ἀποπρίασθαι	buy
ἀποπρίω1	ἀποπρίω	saw off
ἀποπρίω2	ἀποπρίασθαι	buy
ἀποπρίω2	ἀποπρίω	saw off
ἀπορέω1	ἀφοράω	look away from
ἀπορέω1	ἀπορρέω	Cat. Cod.Astr.
ἀποφώλιος2	ἀποφώλιος	empty, vain, idle
ἀπόδεξις1	ἀπόδεξις	acceptance
ἀπόδεξις1	ἀπόδειξις	showing forth, making
ἀπόδεξις2	ἀπόδεξις	acceptance
ἀπόδεξις2	ἀπόδειξις	showing forth, making
ἀρμένιον1	σάνδυξ	a bright red colour
ἀρμένιον2	σάνδυξ	a bright red colour
ἀσώδης2	ἀσώδης	attended with nausea
ἀτάλλω1	ἀτάλλω	skip in childish glee, gambol
ἀτάλλω2	ἀτάλλω	skip in childish glee, gambol
ἀφύσσω1	ἀφύσσω	draw
ἀχέω2	ἀχέω2	utter
ἀχέω2	ἠχέω	sound, ring, peal
ἀχέω3	ἀχέω2	utter
ἀχέω3	ἠχέω	sound, ring, peal
ἁρμός2	ἁρμός	joint
ἁφή2	ἁφή	lighting, kindling
ἄατος2	ἄατος	insatiate
ἄατος3	ἄατος	insatiate
ἄγγαρος1	ἄγγαρος	mounted courier
ἄγγαρος2	ἄγγαρος	mounted courier
ἄγκαθεν1	ἄγκαθεν	in the arms
ἄγκαθεν2	ἄγκαθεν	in the arms
ἄγνος1	ἄγνος	chaste-tree
ἄγνος2	ἄγνος	chaste-tree
ἄκμων2	ἄκμων	meteoric stone, thunderbolt
ἄκορος1	ἄκορος	untiring, ceaseless
ἄκορος2	ἄκορος	untiring, ceaseless
ἄκουρος1	ἄκουρος	childless, without male heir
ἄκουρος2	ἄκουρος	childless, without male heir
ἄκουσα2	ἀέκων	involuntary, constrained
ἄκουσα2	ἀκούω	hear
ἄλησις1	ἄλησις	grinding
ἄλησις2	ἄλησις	grinding
ἄλοχος1	ἄλοχος	partner of one's bed, wife
ἄλοχος2	ἄλοχος	partner of one's bed, wife
ἄμμος2	ἄμμος	sand
ἄν2	ἀνά	on board
ἄν2	ἄν1	modal particle; implies condition
ἄν2	ἄν2	modal particle; implies condition
ἄν2	ἐάν	if haply, if
ἄν3	ἀνά	on board
ἄν3	ἄν1	modal particle; implies condition
ἄν3	ἄν2	modal particle; implies condition
ἄν3	ἐάν	if haply, if
ἄναπτος1	ἄναπτος	not to be touched, impalpable
ἄναπτος2	ἄναπτος	not to be touched, impalpable
ἄνοστος1	ἄνοστος	unreturning, without return
ἄνοστος2	ἄνοστος	unreturning, without return
ἄοζος2	ἄοζος	servant, attendant
ἄπλαστος2	ἄπλαστος	not capable of being moulded
ἄπλατος1	ἄπλατος	unapproachable
ἄπλατος2	ἄπλατος	unapproachable
ἄπλητος1	ἄπλατος	unapproachable
ἄπλητος1	ἄπλητος	great
ἄπλητος2	ἄπλατος	unapproachable
ἄπλητος2	ἄπλητος	great
ἄποδος1	ἄφοδος	going away, departure
ἄποδος1	ἄποδος	not having the use of one's feet, Tab. Defix. Aud.
ἄποδος1	ἄπους	without foot or feet
ἄριστον1	ἄριστον	morning meal, breakfast
ἄριστον1	ἄριστος	best
ἄριστον2	ἄριστον	morning meal, breakfast
ἄριστον2	ἄριστος	best
ἄτριχος1	ἄτριχος	without hair
ἄχρηστος2	ἄχρηστος	useless, unprofitable
ἄωτος1	ἄωτον	the choicest, the flower of its kind
ἄωτος1	ἄωτος	without ears
ἅλμα2	ἅλμα	spring, leap
ἅλμα2	ἅλμη	sea-water, brine
ἅλμα2	ἁλμάω	become mildewed
ἅν1	ὅς	this, that
ἅπτω1	ἅπτω	fasten or bind to
ἅπτω2	ἅπτω	fasten or bind to
ἅρμα2	ἅρμα	chariot
ἇς1	ὅς	this, that
ἇς1	ἕως	until, till
ἇς2	ὅς	this, that
ἇς2	ἕως	until, till
Ἀδώνιος1	Ἀδώνιος	of Adonis
Ἀδώνιος2	Ἀδώνιος	of Adonis
Ἀργεῖος2	Ἀργεῖος	of or from Argos, Argive
Ἀρμένιος1	σάνδυξ	a bright red colour
Ἄρειος3	Ἄρειος	devoted to Ares, warlike, martial
Ἄσιος1	ἄσις	slime, mud
Ἄσιος1	Ἄσιος	Asian
Ἄσιος1	ἄσιος	Asian
Ἄσιος2	ἄσις	slime, mud
Ἄσιος2	Ἄσιος	Asian
Ἄσιος2	ἄσιος	Asian
ἐγκώμιος1	ἐγκώμιος	in the village
ἐγκώμιος2	ἐγκώμιος	in the village
ἐκκορίζω1	ἐκκορίζω	to clear of bugs
ἐκκορίζω2	ἐκκορίζω	to clear of bugs
ἐκχράω1	ἐκχράω	declare as an oracle, tell out
ἐκχράω2	ἐκχράω	declare as an oracle, tell out
ἐλάω1	ἐλαύνω	drive, set in motion
ἐλάω2	ἐλαύνω	drive, set in motion
ἐλεόν1	ἐλεόν	piteously
ἐλεόν1	ἐλεός	kitchen table, dresser
ἐλεόν2	ἐλεόν	piteously
ἐλεόν2	ἐλεός	kitchen table, dresser
ἐλλός1	ἑλλός	a young deer, fawn
ἐλλός2	ἑλλός	a young deer, fawn
ἐμπλάζω2	ἐμπλάζω	drive about in
ἐμπολίζω1	ἐμπολίζω	inclose within the city
ἐμπολίζω2	ἐμπολίζω	inclose within the city
ἐμφυσιόω1	ἐμφυσιόω	inspire, infuse life into
ἐμφυσιόω2	ἐμφυσιόω	inspire, infuse life into
ἐμψυχία1	ἐμψυχία	having life in one, animation
ἐμψυχία2	ἐμψυχία	having life in one, animation
ἐνάπτω1	ἐνάπτω	bind on or to
ἐνάπτω2	ἐνάπτω	bind on or to
ἐνεργῶς1	ἐνεργής	active, effective
ἐνεργῶς1	ἐνεργός	at work, active, busy
ἐνεργῶς2	ἐνεργής	active, effective
ἐνεργῶς2	ἐνεργός	at work, active, busy
ἐνόρχης2	ἐνόρχης	he-goat
ἐξάπτω2	ἐξάπτω	fasten from
ἐξανάπτω1	ἐξανάπτω	hang from or by
ἐξανάπτω2	ἐξανάπτω	hang from or by
ἐξείργω2	ἐξέργω	shut out from
ἐπίδρομος2	ἐπίδρομος	that may be overrun
ἐπίουρος1	ἐπίουρος	guardian, watcher, ward
ἐπίουρος2	ἐπίουρος	guardian, watcher, ward
ἐπίσταμαι2	ἐφίστημι	set, place upon
ἐπίσταμαι2	ἐπίσταμαι	know
ἐπίστιον1	ἐπίστιον	slip or shed
ἐπίστιον1	ἐφέστιος	at one's own fireside, at home
ἐπίστιον2	ἐπίστιον	slip or shed
ἐπίστιον2	ἐφέστιος	at one's own fireside, at home
ἐπητής1	ἐπητής	courteous, gentle
ἐπητής2	ἐπητής	courteous, gentle
ἐπικλάω2	ἐπικλάω	bend
ἐπιπλάζω2	ἐπιπλάζομαι	wander about
ἐρέπτω2	ἐρέπτομαι	feed on
ἐρινεός2	ἐρινεός	wild fig-tree, Ficus Caprificus
ἐρινός2	ἐρινός	wild fig-tree
ἐρύομαι1	ἐρύω	drag, draw
ἐρύομαι2	ἐρύω	drag, draw
ἐρῶ2	ἐράω1	love
ἐρῶ2	ἐράω2	pour forth, vomit
ἐρῶ2	ἐρέω	ask, inquire
ἐρῶ2	ἐρῶ	verbum
ἐφάπτω2	ἐφάπτω	bind on or to
ἐϋκνήμις1	ἐυκνήμις	well-greaved
ἐϋκνήμις2	ἐυκνήμις	well-greaved
ἑανός2	ἑανός	fine
ἔγγονος2	ἔγγονος	grandson
ἔγκοτος1	ἔγκοτος	bearing a grudge, spiteful, malignant
ἔγκοτος2	ἔγκοτος	bearing a grudge, spiteful, malignant
ἔκθυσις1	ἔκθυσις	atonement, expiatory rites
ἔκθυσις2	ἔκθυσις	atonement, expiatory rites
ἔμψυχος1	ἔμψυχος	having life in one, animate
ἔμψυχος2	ἔμψυχος	having life in one, animate
ἔννομος2	ἔννομος	ordained by law, lawful, legal
ἔξαψις1	ἔξαψις	fastening
ἔπι1	ἐπί	being upon or supported upon a surface
ἕργμα2	ἕργμα	obstacle
ἕργμα2	ἔργμα	work, deed, business
Ἑκαταῖος1	Ἑκαταῖος	of Hecate
Ἑκαταῖος2	Ἑκαταῖος	of Hecate
Ἑλικώνιος1	Ἑλικώνιος	Heliconian, of Helicon
Ἑλικώνιος2	Ἑλικώνιος	Heliconian, of Helicon
Ἑλλάς2	Ἑλλάς	part of Phthiotis
Ἑρμείας1	Ἑρμῆς	pillar surmounted by bust
Ἑρμείας2	Ἑρμῆς	pillar surmounted by bust
Ἕλλην1	Ἕλλην	the Thessalian tribe of which Hellen was the reputed chief
ἠέ1	ἤ1	or
ἠέ1	ἠέ1	ah!
ἠέ2	ἤ1	or
ἠέ2	ἠέ1	ah!
ἠϊόεις1	ἠιόεις	haunting the shore
ἠϊόεις2	ἠιόεις	haunting the shore
ἡμέρα2	ἡμέρα	day
ἡμέρα2	ἥμερος	tame
ἡμιδαής1	ἡμιδαής	half-burnt
ἤν1	ἐάν	if haply, if
ἤϊα2	εἶμι	shall go, shall come
ἦρα2	ἔαρ	spring
ἦς1	εἰμί	to be, to exist
ἦς2	εἰμί	to be, to exist
ἦτε1	εἰμί	to be, to exist
Ἡράκλεια2	Ἡράκλειος	of Heracles
Ἡρακλεία1	Ἡράκλειος	of Heracles
ἰάλεμος1	ἰάλεμος	lament, dirge
ἰάλεμος2	ἰάλεμος	lament, dirge
ἰή2	ἰά	voice, cry
ἰδέ2	ἰδέ	and
ἰνίον1	ἰνίον	occipital bone, occiput
ἰνίον1	ἰνέω	carry off by evacuations
ἰνίον2	ἰνίον	occipital bone, occiput
ἰνίον2	ἰνέω	carry off by evacuations
ἰοειδής2	ἰοειδής	like the flower
ἰσχάς2	ἰσχάς	dried fig
ἱππότα1	ἱππότης	driver or rider of horses, horseman, knight
ἴακχος2	Ἴακχος	song
ἴδμεν1	οἶδα	"see <span lang=""grc"">Εἴδω</span>"
ἴδμεν2	οἶδα	"see <span lang=""grc"">Εἴδω</span>"
ἴν2	εἶμι	shall go, shall come
ἴον1	ἴον	violet, Viola odorata
Ἰδαῖος1	Ἰδαῖος	of Ida
Ἰδαῖος2	Ἰδαῖος	of Ida
Ἰνδός2	Ἰνδός	fallacy
Ἰταλός1	ἰταλός	vitulus
Ἰταλός1	Ἰταλός	Italian
Ἰταλός2	ἰταλός	vitulus
Ἰταλός2	Ἰταλός	Italian
Ἱππόδαμος1	Ἱππόδαμος	tamer of horses
Ἱππόδαμος1	ἱππόδαμος	tamer of horses
Ἱππόδαμος2	Ἱππόδαμος	tamer of horses
Ἱππόδαμος2	ἱππόδαμος	tamer of horses
Ἴακχος1	Ἴακχος	song
Ἴακχος2	Ἴακχος	song
Ἴστρος2	Ἴστρος	Ister, Danube
Ἴων1	Ἴων	the Ionians
Ἴων1	ἴα	one
Ἴων1	ἴον	violet, Viola odorata
Ἴων2	Ἴων	the Ionians
Ἴων2	ἴα	one
Ἴων2	ἴον	violet, Viola odorata
Ἶρις1	Ἶρις	rainbow
Ἶρις1	ἶρις	rainbow
Ἶρις2	Ἶρις	rainbow
Ἶρις2	ἶρις	rainbow
ὀλός2	ὀλός	the ink of the cuttle-fish
ὀπισθόδομος1	ὀπισθόδομος	back chamber, inner cell
ὀπισθόδομος2	ὀπισθόδομος	back chamber, inner cell
ὀχέω2	ὀχεύς	anything used for holding or fastening
ὀχέω2	ὀχέω	hold fast
ὀχή2	ὀχή	prop, support
ὀχεῖον2	ὀχεῖον	male animal kept for breeding, stallion
ὁμόνομος1	ὁμόνομος	under the same laws
ὁμόνομος2	ὁμόνομος	under the same laws
ὁμόστολος1	ὁμόστολος	in company with, attendant
ὁμόστολος2	ὁμόστολος	in company with, attendant
ὄνειαρ2	ὄνειαρ	that which brings profit, advantage
ὄπις2	ὄπις	the vengeance or visitation
ὄρχις2	ὄρχις	testicle
ὄϊος2	ὄις	sheep
ὅ1	ὅς	this, that
ὅ1	ὁ	the, that
ὅμαυλος1	ὅμαυλος	living together, companion
ὅμαυλος2	ὅμαυλος	living together, companion
ὅμηρος1	ὅμηρος	pledge, surety, hostage
ὅμηρος2	ὅμηρος	pledge, surety, hostage
ὅρμημα2	ὅρμημα	sudden rush, swoop, onset
ὑπερμαζάω1	ὑπερμαζάω	to be overfull of barley bread
ὑπερμαζάω2	ὑπερμαζάω	to be overfull of barley bread
ὑπερτελής2	ὑπερτελής	overleaping
ὑποθυμίς1	ὑποθυμίς	garland worn on the neck, that one may enjoy the sweetness of the flowers
ὑποθυμίς2	ὑποθυμίς	garland worn on the neck, that one may enjoy the sweetness of the flowers
ὕδρωψ2	ὕδρωψ	dropsy
ὕπερον1	ὕπερος	pestle
ὕπερον2	ὕπερος	pestle
ὠτός2	οὖς	Cultes Egyptiens
ὡς2	ὡς	so, thus; as; that; so that, in order that; since, because
ὥ2	ὅς	this, that
ᾖα1	εἶμι	shall go, shall come
ᾖα2	εἶμι	shall go, shall come
ᾗ2	ᾗ	which way, where, whither
ᾗ2	ὅς	this, that
ᾗ2	ἵημι	to set a going, put in motion
ῥάζω1	ῥάζω	snarl
ῥάζω1	ῥαίνω	sprinkle, besprinkle
ῥάζω2	ῥάζω	snarl
ῥάζω2	ῥαίνω	sprinkle, besprinkle
ῥέω2	ῥέω	flow, run, stream, gush
ῥινίον2	ῥινίον	small file
ῥινίον2	ῥινάω	lead by the nose
ῥοΐζω1	ῥοῖζος	whistling or whizzing
ῥοΐζω1	ῥοίζω	water a horse, ride
ῥοΐζω2	ῥοῖζος	whistling or whizzing
ῥοΐζω2	ῥοίζω	water a horse, ride
ῥοῦς1	ῥόος	stream, flow of water, current
ῥυπόω1	ῥυπάω	to be filthy, slovenly
ῥυπόω1	ῥυπόω	make foul and filthy, befoul
ῥυπόω2	ῥυπάω	to be filthy, slovenly
ῥυπόω2	ῥυπόω	make foul and filthy, befoul
ῥυσμός1	ῥυθμός	any regular recurring motion
ῥυσμός2	ῥυθμός	any regular recurring motion
ῥυτόν1	ῥυτός	quarried
ῥυτόν2	ῥυτός	quarried
ῥύπος2	ῥύπος	dirt, filth
ῥῖπος1	ῥῖπος	mat or hurdle
ῥῖπος2	ῥῖπος	mat or hurdle
Ῥόδιος1	Ῥόδιος	Rhodian, of or from Rhodes
Ῥόδιος1	Ῥοδιακός	of Rhodes
Ῥόδιος2	Ῥόδιος	Rhodian, of or from Rhodes
Ῥόδιος2	Ῥοδιακός	of Rhodes
