lemma	freq	def
Αἰγαῖος	1	d'Æges, Égée; la mer Égée
Δαναοί	3	les descendants de Danaos, les Argiens, les Grecs
Ζεύς	9	Zeus
Λάκαινα	1	laconienne, de Laconie ; vase à boire lacédémonien
Λάρτιος	1	de Laërte ; Laërte
Λαέρτης	3	fourmi ; guêpe
Λαομέδων	1	Laomédon
Μενέλαος	2	Ménélaos (Ménélas)
Πάν	4	Pan
Παλλάς	1	coin bearing the head of Pallas
Σούνιον	1	Sounion (Sunium,) (auj. Soúnio ou Kavokolónes)
Σπάρτη	1	Sparte (auj. Spárti); corde tressée avec du genêt ; cordeau enduit de rouge ou de noir pour tracer des lignes sur la pierre
Τελαμών	6	Telamôn, (Talamone) (v.); Telamôn
Τροία	7	Troie, (v.) ; la Troade
Τρωικός	1	de Troie, troyen
Τρώς	1	Trôs
Φοῖβος	1	Phœbos (Phœbus) « le brillant »
Φρύγιος	1	Phrygios, (h.) «le Phrygien »; de Phrygie, phrygien
Φρύξ	3	« le Phrygien »; de Phrygie, Phrygien
αἰάζω	2	gémir ; respirer bruyamment
αἰανής	1	déplorable, triste ; pénible, dur; éternel
αἰαῖ	3	ah ! hélas !
αἰγυπιός	1	vautour vultur ou gypætos barbatus
αἰδέομαι	3	éprouver un sentiment de honte, de pudeur, de respect ; inspirer du respect à
αἰδώς	2	sentiment de l'honneur ; honte, pudeur ; honte ; crainte respectueuse, respect ; égards, pitié, miséricorde, respect de l'infortuné ; ce qui cause la honte, sujet de honte ; ce qui cause le respect, dignité, majesté ; parties honteuses
αἰθήρ	1	région supérieure de l'air, éther ; air, espaces aériens, ciel ; air qu'on respire, air au milieu duquel on vit
αἰκίζω	4	maltraiter
αἰνέω	1	parler de ; trouver bon
αἰνός	1	récit, conte, histoire ; louange
αἰπόλιον	1	chèvre ; pâturage pour les chèvres
αἰπύς	1	escarpé
αἰτέω	1	demander ; poser un postulatum ; demander pour soi ; demander ; poser un postulatum
αἰτία	2	cause, motif ; imputation
αἰχμάζω	1	lancer ou brandir une lance, une javeline ; lancer comme une javeline
αἰχμαλωτίς	2	de captif; captive de guerre
αἰόλος	1	qui s'agite ou se meut sans cesse
αἰών	1	temps ; moelle épinière, siège de la vie ; ce qui existe de toute éternité, entité divine
αἱμοβαφής	1	teint de sang, sanglant
αἱμύλος	1	séduisant, insinuant, rusé
αἱρέω	4	prendre dans ses mains, saisir ; prendre à la chasse ou à la guerre, capturer ; saisir ou surprendre en flagrant délit ; être pris ; être gagné, être remporté ; être choisi ; prendre pour soi ou qqe ch. à soi ; prendre de préférence, choisir
αἴθω	1	allumer, enflammer, faire brûler ; brûler, se consumer
αἴθων	3	qui est en feu, embrasé ; qui brille comme du feu, étincelant, resplendissant, (fer, etc.) ; enflammé, ardent (roux, fauve)
αἴρω	5	lever ; faire une levée ; élever, exalter, grandir ; mettre hors de soi ; être transporté
αἷμα	3	sang, liquide sanguin ; liquide rouge
αὐγή	1	lumière éclatante
αὐδάω	2	dire à haute voix, parler avec force
αὐδή	1	bruit
αὐλός	1	tout instrument à vent, flûte ; tout tuyau ou conduit creux et allongé ; &gt; αὐλών ; sorte de poisson
αὐτίκα	1	à l'instant même, aussitôt ; tout de même, pareillement, par exemple ; &gt; αὖ; le moment présent
αὐτοδαής	1	qui s'apprend de soi-même, sans étude, naturel
αὐτός	52	moi-même, toi-même, lui-même (p. opp. à un autre); de même que..., de même
αὐτόχειρ	1	accompli par la propre main de qqn
αὐχενίζω	1	décapiter ; comprimer le cou
αὔτως	1	ainsi même, de cette façon même, justement ainsi ; toujours de même, encore ainsi, comme auparavant, comme autrefois ; ainsi (et pas plus) ; comme cela, par à peu près
αὖ	9	puis, alors ; à son tour, de nouveau ; d'un autre côté, au contraire
αὖθις	7	en arrière, en sens inverse, en revenant sur ses pas ; d'un autre côté; la postérité
βάθος	1	profondeur ; hauteur ; longueur; eau profonde, haute mer, ou profondeur des terres, intérieur d'un pays
βάθρον	2	surface servant de fondement
βάλλω	5	lancer, jeter ; frapper à distance (d'un trait, d'une pierre, etc.)
βάξις	2	parole
βάπτω	1	plonger, immerger ; se plonger, s'enfoncer dans l'eau
βάρβαρος	3	étranger, barbare, non grec ; qui concerne les étrangers ou barbares ; semblable au langage ou aux mœurs des barbares; les pays étrangers, non helléniques
βάρος	2	pesanteur, poids
βέλος	2	ce qu'on lance
βία	4	force
βίος	4	vie ; moyen de vivre, moyens d'existence, ressources pour vivre ; le monde où l'on vit, le monde, les hommes ; lieu où l'on vit, séjour, résidence ; récit d'une vie, biographie
βαίνω	8	faire aller
βαθύς	1	profond
βαιός	3	de peu de durée, court ; peu nombreux
βαρυάλγητος	1	qui cause une vive souffrance
βαρύνω	1	rendre pesant, alourdir ; fatiguer, importuner ; prononcer avec l'accent grave (sans haussement de ton) ne frapper cette syllabe d'aucun accent, faire remonter l'accent
βαρύς	4	pesant, lourd ; rendu lourd, alourdi, appesanti
βαρύψυχος	1	à l'esprit accablé ou abattu, pusillanime
βαφή	1	immersion
βιάζω	1	violenter
βλάβη	1	dommage, tort fait à qqn ou causé par qqn ; &gt; βαναυσία
βλάπτω	2	faire du tort, nuire
βλέπω	8	voir ; regarder
βλέφαρον	1	paupière, (ou cils) ; les yeux
βοάω	2	crier
βοή	4	cri ; secours
βολή	1	action de lancer ; action de laisser tomber, de perdre (ses fleurs)
βοτήρ	2	celui qui mène paître, pâtre, berger ; qui surveille les animaux au pâturage, qui observe des animaux
βοτόν	4	bête, tête de bétail
βουκόλος	1	conducteur ou gardien de bœufs, bouvier ; conducteur d'animaux, de chevaux
βουλή	1	ce qu'on veut ; ce qu'on peut vouloir ou ce qu'il faut vouloir ; conseil, assemblée délibérante
βουλεύω	1	être membre d'un conseil, siéger dans un conseil ; prendre des résolutions comme membre d'un conseil
βούλευμα	1	résultat d'une délibération, résolution, dessein arrêté ; conseil, avis
βούλομαι	4	vouloir, désirer ; vouloir bien, consentir à
βοῦς	4	bœuf, vache; bœuf; génisse; peau de bœuf, bouclier recouvert de peau de bœuf
βρίθω	1	charger
βραδύς	2	lent ; tardif
βροτός	11	mortel, mortelle ; un mortel, un homme
βρυχάομαι	1	rugir ; rugir ou mugir
βυθός	1	fond ; fond de la mer, fond de l'eau ; abîme
βῶλος	1	motte de terre ; masse en forme de motte, boule
γάρ	118	car, en effet : car, en effet
γέλως	5	le rire ; plis ou rides que dessinent les vagues
γένος	6	naissance ; tout être créé, toute réunion d'êtres créés ; génération, âge ; sexe
γέρας	1	marque d'honneur
γίγνομαι	20	devenir, (p. opp. à « être »)
γε	37	du moins ; eh bien donc ! donc; bien, à merveille, parfaitement
γείνομαι	1	être engendré, naître
γείτων	1	voisin, voisine
γελάω	6	briller
γενεά	3	ce qui est engendré ; naissance ; action d'engendrer, d'enfanter
γεννάω	1	engendrer, enfanter, produire ; développer, faire croître
γενναῖος	2	qui appartient en propre ou qui convient à une race ; qui appartient à une bonne famille
γεραιός	1	vieux, âgé, vénérable vieillard
γεύω	1	faire goûter à
γλυκύς	2	doux; vin fait de raisins desséchés au soleil
γνώμη	9	faculté de connaître ; jugement arrêté ou exprimé ; connaissance d'une chose ; signe de reconnaissance, marque
γονή	1	ce qui est engendré
γοργωπός	1	au regard terrifiant
γοῦν	1	du moins certes ; au moins certes ; ce qui est sûr au moins, c'est que ; certes, certes oui ; c'est-à-dire, par exemple
γυμνός	1	nu ; légèrement ou incomplètement vêtu
γυνή	12	femme ; femelle des animaux
γόνος	1	ce qui est engendré; les enfants
γόος	4	gémissement, lamentation, avec accompagnement de larmes
γῆ	4	terre ; terre, ensemble de la terre, monde, univers ; partie de la terre, pays, contrée ; terre ; terre, poussière ; terre, minerai
γῆρας	3	vieillesse
δάιος	2	qui ravage ou détruit, destructeur ; ruiné, détruit, malheureux, infortuné, misérable; qui sait, expert, habile
δάκνω	1	mordre
δέ	159	mais, mais au contraire, au contraire ; (d'un côté...) de l'autre, mais, et ; mais ; mais, or, cependant ; or ; et aussi, et en même temps, et ; et de même, et aussi, et encore ; bien plus, et même ; telle la race des feuilles, telle aussi celle des hommes ; autant que..., autant certes ; « juste à ce moment, alors même, alors » ; eh bien certes ! eh bien alors ! ; ~mot, entre l'art. et le subst., entre la prép. et son rég. ou en gén. après le mot qui s'oppose à l'idée qu'on vient d'exprimer ; mais il se place qqf.
δέος	3	crainte ; motif de crainte ; moyen d'inspirer de la crainte
δέρκομαι	4	briller
δέχομαι	3	être reçu l'un à la suite de l'autre, succéder
δέω	5	bind, tie, fetter
δή	19	en ce moment même ; déjà ; jusqu'à présent ; à partir de maintenant, désormais ; maintenant pour la première fois, maintenant enfin ; alors ; en ce moment donc elle se tenait tranquille ; telles sont donc ces choses ; Andromakhè (Andromaque), fille d'Éétion, ...fille, dis-je, de cet Éétion ; pour ces raisons donc ; ainsi donc voilà pour quels griefs Zeus te (punit si durement) ! ; eh bien ! donc, voyons donc ! allons donc ! ; eh bien ! donc, j'ai accepté, supposons que j'aie accepté ; certes, en vérité, tout à fait ; en outre, par surcroît ; certes, eh bien ! oui, eh bien ! donc, eh bien !; quelque jour, quelquefois
δίδωμι	5	se donner, s'abandonner, se livrer
δίκαιος	5	conforme aux convenances, au droit
δίκη	5	règle; action judiciaire pour mariage contracté après l'âge légal; amende ou action judiciaire contre celui qui n'a qu'une femme; action en justice pour refus de témoignage
δίπαλτος	1	brandi ou lancé par deux mains ; qui lance des traits de deux côtés
δίς	3	deux fois
δίχα	3	en deux ; différemment ; séparément
δαίμων	5	dieu, déesse ; âme d'un mort; qui sait, qui connaît, habile dans
δακρύω	1	distiller des gouttes (de résine, de gomme, etc.)
δείδω	4	craindre
δείκνυμι	6	montrer ; se montrer, apparaître
δειλία	2	lâcheté, pusillanimité
δειλός	2	craintif
δεινός	14	qui inspire la crainte, l'étonnement ; qui craint
δεννάζω	1	injurier, outrager
δεξιός	1	qui est à droite, placé à droite
δεύτερος	2	second, deuxième ; qui vient après; le second en charge, le second dignitaire; le second
δεύω	1	wet, drench
δεῖμα	1	crainte, frayeur ; ce qui effraie, objet d'effroi, épouvantail, objet d'horreur
δεῖπνον	1	repas ; le principal repas, repas de l'après-midi ou de la soirée, dîner ou souper ; dîner ; repas des animaux, fourrage pour les chevaux
δεῦρο	9	ici ; jusqu'ici, jusqu'à présent
δηλόω	8	rendre visible, montrer, faire voir ; montrer, faire voir, manifester ; laisser voir, laisser entendre ; révéler ; prouver ; paraître ; être clair
δημιουργός	1	le point du jour qui appelle l'homme au travail
δημότης	1	concitoyen de dème
δηρός	1	de longue durée
διά	5	séparation
διέρχομαι	1	passer, s'écouler
διαπεραιόω	1	séparer, tirer, extraire ; transporter ; traverser (une mer)
διαπορθέω	1	ruiner de fond en comble, saccager, détruire
διαρρέω	1	couler de côté et d'autre, se dissoudre, s'échapper, se perdre ; se répandre de côté et d'autre ; se distendre ; couler à travers ; suinter ; couler ou glisser à travers
διαρρήγνυμι	1	mettre en pièces, faire éclater ; briser en perçant
διαφέρω	1	être différent ; il importe ; porter au delà, transporter ; porter jusqu'au bout
διαφθορά	1	état de putréfaction (du fœtus) ; ce qui est détruit, proie (pour les poissons)
διαφοιβάζω	1	agiter d'un transport furieux, mettre hors de soi
δικαιόω	1	rendre juste ; regarder comme juste, juger légitime ; rendre justice à
δικρατής	1	dont la puissance est double ou se partage entre deux
διοίγνυμι	1	entr'ouvrir, ouvrir (une porte, la bouche, etc.)
διοίχομαι	1	passer, s'écouler ; être achevé, être terminé
διοπτεύω	1	observer de tous côtés
διπλάζω	1	doubler ; être double
διπλόος	2	double ; deux fois aussi grand, aussi long
διφρευτής	1	conducteur d'un char
διφρηλατέω	1	conduire un char ou un attelage ; parcourir en char
διόλλυμι	1	perdre complètement ; périr, être perdu
διόμνυμι	1	prononcer un serment, jurer
διώκω	1	faire mouvoir rapidement ; poursuivre
δοκέω	12	sembler, paraître ; penser, croire
δοκόω	1	garnir d'une charpente
δορίληπτος	2	conquis à la pointe de la lance
δοριάλωτος	1	conquis par la lance, pris à la guerre
δουλεία	1	les esclaves
δούλιος	1	d'esclave ou d'esclavage, servile
δοῦλος	4	esclave (de naissance) ; d'esclave
δοῦπος	2	bruit sourd ; bruit sonore
δράω	19	faire
δραπέτης	1	fugitif; esclave fugitif, déserteur
δρόμος	1	action de courir ; emplacement pour courir
δυνατός	2	qui peut ; ce qui se peut, possible
δωρέω	1	donner en présent
δωρεά	1	don, présent, gratification ; legs, donation
δόλος	2	amorce
δόμος	6	toute construction
δόρυ	8	tronc d'arbre sur pied
δύη	1	calamité, malheur, affliction
δύναμαι	3	pouvoir ; il est possible
δύο	3	deux ; deux parties (sur trois), les deux tiers
δώρημα	2	don, présent
δῆλος	3	visible, conspicuous
δῆτα	13	oui certes, oui en vérité
δῖος	2	heavenly
δῶμα	2	construction ; maison, famille
δῶρον	2	don, présent ; paume de la main, palme
εἰ	46	si
εἰμί	97	être ; &gt; καί ; &gt; ποῦ
εἰς	29	dedans, dans
εἴδωλον	1	reproduction des traits, image
εἴκω	2	se reculer ; relâcher, concéder; être semblable à, ressembler à
εἴπερ	7	si toutefois, s'il est vrai que ; quand même, quoique
εἴτε	8	et si, ou si, soit, soit que
εἶδον	20	se faire voir ; se rendre semblable
εἶμι	10	aller ; s'en aller, partir
εἶπον	11	parler, dire
εἶτα	6	ensuite, puis
εἷμα	1	vêtement ; couverture
εἷς	3	un, une, un
εὐήμερος	1	qui marque un jour heureux ; qui coule des jours heureux, heureux; tranquille, serein, doux
εὐήνεμος	1	qui procure un vent favorable
εὐγενής	4	bien né ; qui est la marque d'une noble origine
εὐθύνω	1	être vérificateur des comptes
εὐθύς	4	straight, direct
εὐκάρδιος	1	qui a un cœur ferme, courageux ; bon pour l'estomac, cordial
εὐκέραος	1	aux belles cornes
εὐμαθής	1	facile à apprendre ou à comprendre ; qui apprend facilement
εὐνάω	1	mettre au lit, endormir ; placer en embuscade
εὐνή	1	couche, lit
εὐνοέω	1	être bienveillant
εὐνομία	1	bon pâturage ; action de faire paître dans de bons pâturages; ordre bien réglé
εὐρύνωτος	1	au large dos
εὐρώδης	1	aux larges rues
εὐρώεις	1	moisi, humide; large, vaste, spacieux
εὐτυχέω	3	tourner heureusement, prospérer, réussir
εὐτυχής	1	heureux, qui prospère, qui réussit, (heureux par la richesse) ; qui assure le bonheur de
εὐφραίνω	2	réjouir, charmer
εὔειρος	1	d'une belle laine ou d'une laine abondante
εὔκαρπος	1	abondant en fruits ou qui produit de bons fruits, fertile ; qui rend fertile, qui féconde
εὔλοφος	1	qui a une belle aigrette ; docile au joug, patient ; au cou robuste
εὔνους	1	qui a de bons sentiments, bienveillant
εὔρις	1	qui a bon nez, qui a le nez fin
εὔφημος	2	au sens religieux
εὔφρων	2	Euphrôn, (h.); d'esprit joyeux ; bienveillant, propice ; sensé, facile à comprendre, intelligible
εὔχομαι	2	former un vœu, un souhait ; être prié
εὕδω	1	dormir, reposer
εὖ	18	bien; le bien, le bon droit, la bonne cause; obliger à son tour
εὖτε	1	lorsque, tandis que, aussitôt que ou aussi souvent que ; puisque ; de même que
ζάλη	1	agitation violente des flots, tempête sur mer ; tempête, ouragan, orage
ζάω	12	vivre ; faire vivre, donner la vie à, vivifier
ζαμενής	1	violent, impétueux ; hostile, ennemi
ζηλόω	1	avoir de l'ardeur
ζητέω	2	chercher ; regretter l'absence de, regretter, désirer
ζητητέος	1	to be sought
ζυγόν	2	tout ce qui sert à joindre deux objets ensemble ; tout objet accouplé
ζῆλος	1	objet d'émulation, sujet de gloire ; exubérance de style ; postér. ardeur (du feu)
θάπτω	7	rendre les honneurs funèbres à
θέα	1	action de regarder, de contempler, contemplation
θέαμα	1	objet que l'on contemple, spectacle ; spectacle agréable aux yeux
θέρος	1	saison de la chaleur, été ; saison de la récolte ; belle saison, favorable aux opérations de guerre
θήγω	1	s'aiguiser, s'exciter
θήρ	1	bête sauvage
θήρα	1	Thèra (auj. Santorin ou Thíra); chasse des animaux sauvages, chasse ; butin de chasse, gibier, proie
θακέω	3	être assis ; séjourner, demeurer
θαυμάζω	1	s'étonner, voir avec étonnement ou admiration, admirer, vénérer, honorer
θεά	3	divine ; déesse
θεατός	1	visible ; digne d'être contemplé
θελοντής	1	qui agit volontairement ou volontiers, empressé
θερίζω	1	faire la récolte d'été, moissonner, faucher ; passer l'été
θερμαίνω	1	faire sécher, être desséché
θερμός	1	chaud (bain, boissons, aliments, etc.) ; chaleureux, ardent ; encore chaud, tout récent ; qui vient d'un cœur chaud, ou qui réchauffe l'âme
θεός	42	divin, propre aux dieux; une déesse; il ne cesse de pleuvoir
θεῖος	2	of or from the gods, divine
θηγάνη	1	pierre à aiguiser
θηλύνω	1	efféminer, amollir, énerver
θηράω	1	chasser ; poursuivre, rechercher avec ardeur (la royauté, la fortune, etc.)
θιγγάνω	1	toucher à ; se saisir de
θνητός	1	mortel, sujet à la mort ; qui convient aux mortels, de mortel, d'homme
θολερός	1	bourbeux, trouble ; sale ; sombre, obscur (nuage) ; souillé, impur ; troublé, égaré (par la passion ou la folie)
θορυβέω	1	troubler, causer du trouble, faire perdre la tête
θοός	2	quick, nimble
θούριος	3	qui s'élance, impétueux, (Arès, etc.)
θρηνέω	3	se lamenter ; se lamenter sur
θροέω	6	pousser un cri, crier ; faire entendre ; effrayer par ses cris, d'où, être effrayé, troublé
θρῆνος	1	thrène
θυμός	3	thym, odoriférante ; mélange de thym, de vinaigre et de miel, oignon sauvage, nourriture des pauvres ; excroissance charnue; souffle
θυμόω	1	irriter
θυραῖος	2	qui est à la porte ; qui est du dehors, étranger ; d'autrui
θόρυβος	1	bruit confus, tumulte, bruit ou tumulte d'une assemblée ; trouble, confusion
θύρα	1	porte
κ	1	with snaky locks
κάλυμμα	1	ce qui sert à couvrir
κάρα	1	tête ; visage, aspect; tête ; visage, aspect
κάρον	1	chervis
κάρτα	5	fortement, fort, très, tout à fait
κάτοιδα	2	connaître à fond ; reconnaître
κάτω	3	postérieurement, ensuite; les habitants du littoral; le littoral; les habitants des enfers, les morts
κέλευθος	1	chemin, route ; voyage par terre ou par eau ; expédition militaire ; manière de marcher, marche
κέρδος	1	gain, profit, avantage ; gain d'une chose fâcheuse ; amour du gain ; desseins profitables, sages desseins
κήδω	1	être inquiet, être affligé, triste
κίναδος	1	renard ; toute bête malfaisante
κίων	2	colonne
καί	240	aussi, même; &gt; ἄν ; et en effet ; et certes ; et... aussi, et... de plus ; et déjà, et voilà que ; même si, quand même, quand bien même ; et en outre ; et certes, et en vérité ; et alors en ce moment même ; &gt; καίπερ ; et donc, et alors ; et même ; &gt; καίτοι
καίπερ	2	quoique
καίριος	2	qui a lieu ou vient à temps
καίτοι	5	et certes, et en vérité ; quoi qu'il en soit, cependant, toutefois ; quoique
καγχάζω	1	rire aux éclats ; se moquer de qqn
καθίημι	1	faire descendre ; descendre (ou se lancer)
καθαιρέω	1	faire descendre, baisser, abaisser
καθυβρίζω	1	accabler d'outrages, insulter, maltraiter
καιρός	4	mesure convenable, juste mesure
κακανδρία	1	lâcheté
κακοπινής	1	sale, malpropre, impur
κακός	60	mauvais
καλέω	8	appeler ; appeler d'un nom
καλός	10	beau ; beau, noble, honnête, honorable, glorieux ; pur, naturel ; convenable
καλύπτω	1	couvrir, envelopper, cacher ; étendre pour couvrir
καρτερέω	1	être ferme, patient ; être modéré
καρτερός	1	fort, ferme, solide ; ferme, patient
κατά	16	de haut en bas ; en arrière ; du haut de ; en suivant de haut en bas, en descendant ; en tombant sur ; en regardant vers
κατέπεφνον	1	kill, slay
κατέχω	3	tenir fortement ; retenir ; posséder ; s'emparer de ; se retenir ; être maître de posséder, (occuper) ; s'arrêter
κατακτάομαι	2	acquérir, conquérir, posséder
καταμελέω	2	négliger complètement
καταξαίνω	1	carder, peigner ; racler
κατεναρίζω	1	tuer
κατεύχομαι	1	faire des vœux pour ou contre ; faire vœu de, promettre ; se vanter de
κατηγορέω	1	parler contre ; faire connaître, révéler, rendre visible ; exprimer, signifier, énoncer
κατοπτεύω	1	examiner, observer ; reconnaître
κείρω	1	tondre, rogner, raser ; dégarnir de verdure une branche de sapin ; tondre avec les dents, ronger, dévorer ; tondre sur soi ; se couper les cheveux (en signe de deuil) ; couper, moissonner
κεδνός	1	qui prend soin de, soigneux, actif, diligent ; dont on prend soin, dont on fait cas
κελαινός	1	noir, sombre
κελαινώπας	1	à l'aspect sombre, impénétrable
κεντέω	1	enfoncer l'aiguillon
κενός	4	vide ; vide de, privé de ; vain, sans fondement, frivole, futile
κερδαίνω	1	gagner, faire un gain, un profit ; gagner ; faire l'économie de, s'épargner à soi-même
κεφαλή	1	tête
κεύθω	1	être caché, renfermé
κεῖμαι	9	être étendu, immobile, au repos ; être étendu blessé, mourant ; être étendu mort ; être abandonné, délaissé ; être inoccupé, inactif, inerte ; être dans le malheur, l'abattement ou le désespoir ; se trouver dans ; être couché, étendu, disposé horizontalement ; être déposé, déposer ; être au repos ; être situé, être placé, se trouver, être situé ; être déposé ; résider ; être institué, établi ; se trouver dans tel ou tel état
κεῖνος	2	celui-là, celle-là, cela ; voilà justement celui que tu cherches ; c'est Iros qui est assis là ; si qqn est pris livrant la ville aux tyrans, qu'il meure, et que les enfants de celui-là (quel qu'il soit) ; ce grand dieu
κινέω	1	lever le camp, marcher en avant se mouvoir
κιχάνω	2	rencontrer ; atteindre
κλέος	1	bruit, nouvelle qui se répand
κλέπτης	1	voleur ; tout homme qui dérobe ou dissimule qqe ch., fourbe
κλέπτω	2	voler, dérober ; cacher, dissimuler ; faire avec dissimulation, accomplir avec perfidie ; accomplir secrètement
κλίνω	1	faire pencher, incliner ; coucher, étendre ; faire plier, faire fléchir
κλεινός	3	glorieux, illustre, célèbre; jeune garçon recherché pour sa beauté, chez les Doriens
κληροῦχος	1	attribué par le sort
κλοπή	1	vol, larcin ; toute action furtive ou clandestine
κλυτός	2	dont on entend parler
κλύω	12	entendre, écouter ; écouter, prêter l'oreille
κλῄζω	1	vanter, célébrer ; mentionner, parler de ; nommer, appeler
κλῆρος	1	ce qu'on obtient par le sort, lot, part; insecte qui ronge les ruches d'abeilles
κνάπτω	1	carder (de la laine) ; déchirer (par la torture, par le fouet)
κνώδων	1	dents ou crochets de fer ; couteau, épée
κοιμίζω	2	endormir, faire reposer, faire dormir ; endormir du dernier sommeil, déposer dans la paix du tombeau ; assoupir, apaiser, calmer ; adoucir l'accent, changer l'accent aigu en grave
κοινωνός	1	qui participe à, qui s'associe à, associé, compagnon ; avec une épée complice, par un meurtre commis de complicité
κοινός	5	commun à plusieurs personnes ; commun à tout le peuple, public ; communiqué, publié ; qui participe de deux caractères ou attributs ; qui participe à, qui est en communauté ; qui est d'une origine commune, de même race, de même nature ; qui se prête à tous également
κολάζω	2	tronquer, mutiler
κολέα	1	dance
κομίζω	4	se transporter
κομπάζω	1	faire le beau parleur, parler avec emphase
κομπέω	2	faire du bruit, résonner, retentir ; parler avec emphase, se vanter
κουφίζω	1	rendre léger, donner de la légèreté à, alléger ; soulever ; élider
κοῖλος	2	creux ; creusé, travaillé en creux, ciselé; creux ; creusé, travaillé en creux, ciselé
κοῦφος	2	léger
κράζω	1	pousser un cri rauque ou guttural ; crier fortement, vociférer ; demander à grands cris
κράς	1	tête
κράτος	4	force
κρήνη	1	source, fontaine, « jaillissement », « source jaillissante »
κρίνω	2	séparer
κραίνω	1	s'accomplir, se terminer, aboutir
κρατέω	11	être fort, puissant ; être le maître ; devenir le maître
κρημνός	1	lieu escarpé, précipice ; orifice ou lèvres (d'une plaie, etc.) ; mots prétentieux et emphatiques
κριτής	1	qui décide
κριός	1	bélier
κρυφαῖος	1	caché ; clandestin, secret
κρύπτω	6	se cacher, demeurer caché
κτάομαι	3	être acquis
κτέομαι	1	être acquis
κτείνω	4	tuer ; vouloir tuer
κυβερνάω	1	diriger
κυδάζω	1	injurier, insulter
κυκλέω	1	se mouvoir en rond, accomplir une évolution circulaire
κυκλόω	1	arrondir en cercle ; envelopper, cerner ; entourer, envelopper, cerner
κυνέη	1	peau de chien
κυνηγία	1	chasse
κυνηγετέω	1	aller à la chasse ; poursuivre à la chasse, chasser
κυρέω	6	rencontrer ; atteindre, obtenir, avoir en partage ; atteindre le but ; tomber juste, être dans le vrai, avoir raison ; il se trouve vivant, il vit ; se rapporter à
κωκυτός	1	lamentations
κωφός	1	émoussé
κόμη	3	chevelure ; barbe
κόμπος	1	bruit sonore, retentissant ; bruit d'un discours sonore, emphatique
κύκλος	4	cercle, rond ; tout objet circulaire
κύλιξ	1	coupe, vase à boire
κύριος	1	qui a autorité ou plein pouvoir; maître, souverain ; l'empereur ; maître de maison, chef de famille ; maître d'esclaves ou de domestiques ; tuteur, curateur
κύων	3	chien, chienne ; le chien ailé de Zeus, l'aigle; le chien d'Orion ou Sirius le Chien ; la saison de la Canicule; le chien d'Hadès, Cerbère
κώδων	1	cloche, clochette ; ouverture de la trompette ; tête
κώκυμα	1	lamentation
κῆρ	1	déesse de la mort ; destin, sort; cœur organe du corps ; poitrine
κῆρυξ	1	toute personne qui annonce à haute voix
κῦμα	1	ce qui s'enfle
λάβρος	1	violent, véhément, impétueux ; énorme ; vorace, avide
λάθρῃ	1	secrètement, en cachette ; par surprise, traîtreusement ; insensiblement, peu à peu
λάφυρα	1	butin
λέαινα	1	lionne
λέγω	31	lay
λέχος	2	lit, couche ; nid d'oiseau
λήγω	5	faire cesser
λαγχάνω	3	tomber au sort, tomber en partage à qqn
λαθίπονος	1	qui oublie sa douleur ; qui fait oublier la douleur
λαμβάνω	11	prendre ; recevoir
λαμπρός	1	brillant ; clair, limpide ; fort, véhément
λαμπτήρ	1	vase à feu où l'on brûlait des torches de résine ou du bois sec pour s'éclairer ; tout ce qui éclaire
λατρεία	1	service ; être ou pays en servitude
λαός	2	peuple, foule, masse, p. opp. à agglomération politique, foule confuse ; peuple
λεία	3	instrument pour polir la pierre; butin
λείπω	5	laisser, quitter, abandonner ; laisser derrière soi ou après soi ; abandonner par faiblesse ou trahison, délaisser ; s'en aller ; faire défaut ; cesser ; rester en arrière ; être laissé en arrière, survivre ; être dépourvu de, être privé de
λεηλατέω	1	emmener du butin, faire du butin ; piller, mettre au pillage
λειμώνιος	1	de prairie
λευκόπωλος	1	traîné ou porté par un cheval blanc ou des chevaux blancs
λευκός	2	Leukos; brillant ; blanc ; pâle
λιγυρός	1	qui rend un son aigu ou sifflant ; qui rend un son clair ou mélodieux ; souple, flexible
λιμήν	1	port; Ôrikos (auj. Orikum)
λιπάω	1	être gras ; être onctueux ou brillant
λογίζομαι	1	calculer
λοιπός	2	restant, qui reste
λουτρόν	2	bain, endroit où l'on se baigne, salle de bain ; bain, eau pour se baigner ; action de se baigner ; eau lustrale pour les purifications
λυγρός	3	malfaisant
λυμεών	1	fléau
λυπέω	6	chagriner, affliger ; vexer, taquiner ; incommoder, gêner ; inquiéter, harceler (un ennemi) ; faire du tort, nuire
λωίων	2	bon, avantageux
λωβητός	1	outrageant, injurieux
λωφάω	1	remuer le cou en tous sens
λόγος	24	parole ; raison
λύπη	1	peine ; situation ou condition pénible ; douleur physique, douleurs de l'enfantement
λύω	1	délier ; dissoudre ; se relâcher
λώβη	3	traitement déshonorant, outrage ; qui est un sujet de honte, opprobre ; mauvais traitement, violence, mutilation ; qui gâte, qui endommage
λῦμα	1	souillure, impureté, ordure ; fléau, mal, malheur
μάλα	1	tout à fait, très, fort, beaucoup ; plus ; plutôt ; de plus en plus ; trop, plus qu'il ne convient » ; tout à fait, très ; plus
μάντις	4	devin, prophète ou prophétesse; mante
μάρπτω	1	prendre, saisir ; lancer sur, enfoncer dans
μάταιος	1	vain, inutile ; vain, sot, frivole, futile ; qui se trompe, sans raison ; vain, orgueilleux, insolent, (parole, etc.) ; impie, (paroles, pensées, actions, etc.)
μάτην	2	vainement, en vain, inutilement ; vainement, sottement, sans raison ; vainement, faussement, mensongèrement
μάχη	2	combat, bataille ; champ de bataille
μέγας	39	grand
μέλας	1	noir
μέλεος	1	vain ; malheureux, infortuné, misérable
μέλλω	7	être sur le point de ; hésiter, différer, tarder
μέλος	1	membre de phrase musicale, chant rythmé avec art (p. opp. à parole versifiée, métrique)
μέλω	4	être un objet de soin, de souci, de préoccupation ; prendre soin, s'occuper de
μέν	53	vraiment, certainement, certes ; avec d'autres particules
μένος	2	âme
μέντοι	6	vraiment, certainement, certes ; avec d'autres particules
μένω	7	demeurer, rester; avoir un désir, désirer, souhaiter, vouloir ; R. penser
μέτειμι	1	sum), to be among
μέχρι	1	jusque
μή	62	marque la négation absolument ; s'emploie comme simple négation, comme particule au sens final, comme particule d'interrogation
μήν	8	mois ; &gt; μηνίσκος; certes, assurément; le mois ou les mois (des fêtes religieuses)
μήτε	4	ni, comme
μήτηρ	10	mère; la Vénérable ou la Grande Mère, Rhéa qqf. Dèmèter
μίμνω	2	rester, demeurer ; attendre
μαίνομαι	3	rendre fou ; rendre furieux ; (afin qu'Hector sache si) ma javeline agitée de fureur est entre mes mains ; Dionysos agité de transports bachiques ; être frappé par le dieu de délire prophétique ; votre cœur dans votre poitrine est agité de sentiments violents ; être rendu fou ou furieux par l'ivresse
μαίομαι	1	désirer vivement
μαιμάω	1	bondir, s'élancer, ou s'agiter impétueusement ; être agité d'un désir violent, bondir de désir
μακράν	1	longuement ; loin ; longtemps
μακραίων	1	qui dure longtemps ; qui vit longtemps, vieux, âgé
μακρός	5	longueur
μανία	2	folie, démence ; folie d'amour, folle passion pour ; délire prophétique, transport, inspiration
μανθάνω	12	apprendre ; s'apercevoir de ; comprendre ; une idée réfléchie
μανιάς	1	furieux
μαντεύομαι	1	rendre des oracles
μαραίνω	1	consumer
μαρτυρέω	1	attester, donner l'assurance de
μείς	1	mois ; phase de la lune
μείων	2	moindre
μεθίημι	3	se laisser aller, se relâcher
μελαίνω	1	rendre noir, noircir ; devenir noir, se noircir
μενοινάω	1	songer à, penser à, méditer ; désirer vivement, aspirer à
μετά	2	au milieu, parmi ; par derrière ; avec; élision pour μετά dev. une voyelle aspirée
μετρέω	1	mesurer
μηδέ	19	dans les propos. et dans les cas où la nég. s'emploie à la place de ni
μηδαμοῦ	1	nulle part ; en rien
μηδαμός	1	aucun, nul
μηδαμῶς	1	en aucune manière, nullement, pas du tout
μηδείς	20	aucun, nul, personne; celui qui n'est rien
μηχανάομαι	1	make by art, construct, build
μηχανή	1	invention ingénieuse ; le talent d'imaginer, d'inventer, habileté, art
μικρός	5	petit
μνήμων	1	qui avertit, qui veille sur, moniteur; magistrat dorien, sorte de notaire ou d'archiviste ; président d'un banquet ; mémoire
μνημονεύω	1	rappeler à son souvenir, se souvenir de, se rappeler ; rappeler le souvenir de, faire mention de
μνῆμα	1	signe pour rappeler un souvenir ; souvenir
μομφή	1	blâme, reproche, plainte, grief
μοῖρα	2	part, portion ; part assignée à chacun, lot, sort, destinée
μυθέομαι	3	parler, converser ; dire, raconter ; se dire à soi-même, délibérer en soi-même sur
μυχός	1	partie la plus basse ou la plus profonde
μωρία	2	folie
μωρός	3	émoussé, hébété
μόλις	1	avec peine, difficilement
μόνος	19	seul
μόρος	3	lot assigné aux hommes par le destin, sort, destin ; infortune, malheur, destin funeste; mûre
μόχθος	1	peine, travail, fatigue ; souffrance, douleur ; produit d'un travail, œuvre d'art
μᾶλλον	7	tout à fait, très, fort, beaucoup ; plus ; plutôt ; de plus en plus ; trop, plus qu'il ne convient » ; tout à fait, très ; plus
μῆλον	1	sheep or goat
μῆνις	2	colère durable, ressentiment
μῦθος	3	parole exprimée
μῶν	2	est-ce que ?
νάπος	1	vallon boisé
νέατος	1	uttermost, lowest
νέκυς	1	au nom. et à l'acc. sg.
νέμος	1	pâturage ; bois
νέμω	7	distribuer, partager ; attribuer à un troupeau la partie de pâturage où on le mène paître, faire paître, conduire au pâturage paître, (v.) ; avoir en son pouvoir, posséder, avoir, occuper ; occuper, détenir, diriger, conduire, gouverner, administrer ; tenir pour, regarder comme ; choisir pour, admettre comme ; partager, distribuer qqe ch. entre soi : partager, distribuer qqe ch. entre soi ; paître, aller au pâturage, se nourrir ; avoir en son pouvoir, conduire, guider, administrer
νέος	5	nouveau
νέφος	1	nuage
νήιος	1	naval ; propre à la construction d'un navire
νίκη	1	victoire ; gain d'un procès; vaincre, être vainqueur ; vaincre
ναίω	1	habiter (une maison); couler
ναυβάτης	1	qui monte sur un vaisseau, passager ou matelot ; naval, maritime
ναυτίλος	1	de navire
ναυτικός	3	qui concerne la navigation ou les navigateurs, naval, nautique ; qui a l'expérience de la navigation, propre à la navigation
ναύαρχος	1	commandant d'un vaisseau ; commandant d'une flotte, amiral
ναύλοχος	1	propre au mouillage des navires
ναύτης	1	marin, matelot ; compagnon, associé
ναῦς	6	navire, vaisseau
νεηκονής	1	nouvellement ou fraîchement aiguisé
νεκρός	7	mort; le cadavre
νεοχάρακτος	1	nouvellement empreint
νεόρραντος	2	récemment trempé (de sang) ; récemment versé
νεῖκος	1	discorde ; sujet de querelle, cause de discorde
νικάω	5	vaincre, être vainqueur ; vaincre
νιν	9	pers.
νοέω	1	se mettre dans l'esprit ; avoir dans l'esprit ; avoir du bon sens, être prudent, sage
νομίζω	2	avoir en usage ; soumettre à des usages, à des coutumes, à des lois, être administré par des lois ; tenir pour
νουθετέω	1	mettre dans l'esprit ; calmer
νόθος	1	bâtard
νόμος	6	ce qui est attribué en partage, ce qu'on possède ou dont on fait usage, usage, coutume
νόος	2	faculté de penser
νύκτερος	1	de nuit, nocturne
νύκτωρ	2	pendant la nuit
νύμφη	1	celle qui est recouverte ou voilée
νύχιος	1	qui vit, agit ou se fait pendant la nuit ; plongé dans une obscurité semblable à celle de la nuit ; sombre, obscur
νῦν	41	maintenant; en ce moment; en ce moment
νῶτον	1	dos ; surface convexe, arrondie (surface de la mer,)
ξένος	1	étranger, qui n'est pas du pays ; étranger à une chose, qui ne connaît pas qqe chose ; étrange, insolite, étonnant, surprenant; l'hôte ; étranger auquel on accordait l'hospitalité
ξίφος	5	épée ou poignard
ξιφοκτόνος	1	qui tue avec l'épée
ξυνός	1	commun
ξυρέω	1	raser, tondre
οἰ	1	où ; jusqu'à quel point; pron. démonstr. ou pour dev. une enclit.; ah !; pron. réfl. 3e~pers. ; pron. réfl. 1e~pers. moi-même ; pron. pers. 3e~pers. lui, elle, à lui, à elle
οἰκήτωρ	2	habitant ; qui colonise, colon
οἰκεῖος	4	qui concerne la possession
οἰκτίρω	2	pity, have pity upon
οἰκτρός	1	qui se plaint, qui se lamente, plaintif
οἰμωγή	1	lamentation, gémissement
οἰμώζω	2	se lamenter ; pleurer
οἰοβώτας	1	pâtre solitaire
οἰχνέω	1	aller, venir ; s'en aller, partir, se mettre en route ; être parti ; passer ; s'en aller, être perdu, passer, disparaître, périr ; cela dépend de peu de chose
οἴκοθεν	2	de la maison, de chez soi ; dès l'origine, dès l'enfance ; de la patrie, du pays, de l'intérieur
οἴμοι	10	la douleur, la pitié, le regret ; la joie ; hélas ! infortuné que je suis ; malheureux ! tu es perdu ; répété
οἴομαι	1	penser; porter.
οἴχομαι	5	aller, venir ; s'en aller, partir, se mettre en route ; être parti ; passer ; s'en aller, être perdu, passer, disparaître, périr ; cela dépend de peu de chose
οἶδα	15	se faire voir ; se rendre semblable
οἶκος	6	maison, habitation ; train de maison
οἶκτος	2	lamentation ; pitié, compassion
οἶος	2	seul, unique ; isolé de, séparé de ; seul en son genre, sans égal
οἷος	14	quel ! quelle !
οὐ	112	pron. réfl. 3e~pers. ; pron. réfl. 1e~pers. moi-même ; pron. pers. 3e~pers. lui, elle, à lui, à elle; celui-ci, celle-ci, ceci, il, elle ; qui, lequel, laquelle
οὐδέ	32	et ne, et non ; et ne ; et... non pas même, ni même ne... quidem ; il ne semble pas du tout
οὐδαμοῦ	2	nulle part, en aucun lieu ; nullement
οὐδείς	31	aucun, aucune, rien
οὐκέτι	10	ne... plus
οὔκουν	2	certes ne... pas, assurément ne... pas ; pourtant ne... pas, cependant ne... pas ; donc ne... pas, par conséquent ne... pas ; donc ne... pas ? en vérité ne... pas ? ; eh ! bien donc, est-ce que ne... pas
οὔλιος	1	funeste, malfaisant
οὔποτε	4	jamais
οὔπω	2	pas encore ; en aucune manière
οὔριος	2	qui procure un vent favorable
οὔτε	24	et ne ; ni
οὔτις	3	personne, aucun, nul, rien ; en prose, avec un gén.
οὔτοι	3	non certes, non cependant, en vérité non
οὕνεκα	1	à cause de
οὕτως	4	ainsi
οὖν	14	sans doute, réellement, en effet ; donc, eh bien ; par suite, d'après cela, en conséquence, donc
οὖς	1	oreille
οὗ	1	where
οὗπερ	1	celui-ci, celle-ci, ceci, il, elle ; qui, lequel, laquelle
οὗτος	70	celui-ci, celle-ci, ceci ; ce ou cet, cette
πάθη	1	état passif ; souffrance; les événements ou les changements qui se produisent dans les choses
πάθος	5	ce qu'on éprouve, p. opp. à ce qu'on fait
πάλαι	4	depuis longtemps, autrefois, jadis ; avant le temps d'aujourd'hui, il n'y a pas longtemps, récemment, dernièrement
πάλιν	3	en sens inverse, en rebroussant chemin, à rebours, en arrière
πάνθυτος	1	que l'on célèbre par des sacrifices de toute sorte, tout auguste
πάννυχος	1	qui dure ou agit toute la nuit
πάντως	1	complètement, tout à fait, absolument, absolument pas, d'aucune façon ; dans tous les cas, du moins
πάραυλος	1	qui n'est pas d'accord avec la flûte, discordant; qui habite auprès, en plein air, dans les champs
πάρειμι	17	sum
πάρος	5	Paros (auj. Páros); avant, devant ; pour (en se plaçant devant pour protéger) ; auparavant, avant, autrefois, jadis ; avant que ; plus tôt, plutôt ; avant le temps, trop tôt
πέδον	1	sol, surface du sol ; contrée
πέλαγος	2	la pleine mer ; une mer
πέλας	7	près, auprès; les voisins, les proches, le prochain, autrui; les voisins, les proches, le prochain, autrui
πέλεια	1	pigeon, colombe
πέλω	1	se mouvoir ; de là partait un timon d'argent ; se mouvoir dans un lieu, se trouver, être avoir coutume d'être, être ordinairement ; devenir
πέμπω	4	envoyer ; renvoyer, congédier, faire partir ou laisser partir ; renvoyer à la maison, renvoyer dans sa patrie ; escorter, accompagner ; envoyer après qqn, mander, faire venir ; envoyer qqn vers qqn pour une affaire qui vous est propre ; envoyer à qqn ce qui vous appartient en propre
πένθος	1	deuil ; malheur, événement douloureux
πέρ	1	however
πέρθω	1	dévaster, détruire, ravager, ruiner par le fer et le feu ; prendre comme butin dans la destruction d'une ville, piller
πέτρος	1	pierre ; rocher
πήγνυμι	2	fixer en enfonçant ; fixer en assemblant, assembler, ajuster, construire ; fixer en rendant compact, faire fixer, faire coaguler, faire geler ; fixer solidement, rendre ferme, consistant ; s'enfoncer, être enfoncé ; se fixer, avoir les yeux fixés ; être formé de parties solidement ajustées ; être congelé, être gelé, être raidi
πήδημα	1	bond, saut ; battement du cœur, pulsation, palpitation
πίπτω	15	tomber
παίω	2	se heurter
παγκρατής	1	tout-puissant ; entièrement victorieux
παιδεύω	1	élever un enfant
πακτόω	1	ficher ou fixer solidement
παλαιός	3	ancien
παμπήδην	1	tout à fait, entièrement
πανταχοῦ	2	partout, en tout lieu ; absolument
πανταχῆ	1	partout, de tous côtés ; de toute manière
παντουργός	1	apte à tout faire
παντοῖος	1	de toute sorte, divers, varié
πανώλεθρος	1	tout à fait pernicieux ou funeste
παπταίνω	1	regarder de tous côtés ; chercher des yeux avec inquiétude ou crainte ; regarder
παρά	15	auprès
παράκτιος	1	qui se trouve sur le bord de la mer
παράπληκτος	1	frappé de démence ; atteint d'une paralysie partielle ou légère
παρέχω	1	il se présente une occasion de, l'occasion ou le moment est favorable pour, il est possible ou permis de
παρήκω	1	s'avancer ; s'avancer auprès, s'étendre le long de
παραλλάξ	1	alternativement, tour à tour ; irrégulièrement, p. opp. à en alignement
παρευθύνω	1	diriger hors du droit chemin, diriger à son gré
παρθένος	1	jeune fille ; fille non mariée ; jeune femme non mariée ; qui est comme une jeune fille, vierge, pur, intact ; la Vierge ; pupille de l'œil; célibataire ; homme timide; vierge
παροιμία	1	proverbe ; parabole
πατέω	2	fouler aux pieds ; fouler le sol; manger, se nourrir, s'abreuver de
πατήρ	21	père
παταγέω	1	faire du bruit ; faire résonner avec un bruit sec
πατρίς	2	des ancêtres, de la patrie; terre des ancêtres, patrie
πατρόθεν	1	du père, du côté du père, d'après le nom du père ; depuis le père, en commençant par le nom du père, en ajoutant le nom du père
πατρῷος	3	du père, paternel ; des pères, des ancêtres
παύω	5	cesser
παῖς	23	enfant ; jeune esclave, serviteur
παῦρος	1	en petit nombre ; petit, court
πείθω	5	se fier, se confier, s'en remettre à
πεδάω	1	entraver, lier, enchaîner
πεδίον	3	plaine; la plaine de Rharos ou Raros
πελάζω	2	approcher, faire approcher
περάω	1	drive right through
περί	5	autour de ; pour
περίφαντος	2	visible à tous ; connu de tous, célèbre
περαίνω	1	faire ou aller jusqu'au bout
περιπετής	1	sur quoi l'on se jette
περιπτυχής	2	plié ou roulé autour ; percé de
περιφανής	2	visible tout autour, de tous les côtés ; qui est en vue, distinct, isolé ; évident, manifeste ; connu de tous
περιχαρής	1	très joyeux ou joyeux à l'excès
πετραῖος	1	de rocher ; rempli de rochers, rocailleux ; qui vit au milieu des rochers
πεῖρα	4	épreuve
πηδάω	2	bondir, s'élancer
πηκτός	1	fiché, planté ; compact
πημαίνω	2	causer un dommage
πημονή	1	&gt; πῆμα ; sujet d'affliction, paroles propres à affliger
πικρός	6	piquant, aigu ; piquant, pénétrant
πλάζω	1	faire vaciller, faire chanceler ; écarter du droit chemin, faire errer çà et là; façonner pour soi ; se donner une contenance, composer son attitude
πλάξ	1	toute surface large et plate
πλάτη	1	surface large et plate; les dimensions; les parties larges, les surfaces
πλέος	2	plein
πλέω	3	naviguer, voguer ; naviguer, faire une traversée, se diriger bien ou mal; plus nombreux ; autre en sus, qui est en plus, en outre ; plus considérable, plus grand ; la majeure partie, le plus
πλέως	3	plein
πλήν	4	excepté ; excepté
πλήρης	1	plein
πλατύς	1	large et plat ; large ; salé, âcre
πλείων	4	plus nombreux ; autre en sus, qui est en plus, en outre ; plus considérable, plus grand ; la majeure partie, le plus
πλευρά	2	côte
πλευροκοπέω	1	percer le flanc
πλευρόν	2	côte ; côté, flanc
πληγή	3	coup ; échange de coups, combat à coups de bâton ; plaie résultant d'un coup
πλοῦτος	3	wealth, riches
πλόκος	1	ce qui est plié ou tressé
πλόος	1	navigation
πλῆθος	1	grande quantité ; quantité indéterminée; en foule; la masse des Athéniens pense; le plus grand nombre
πνεῦμα	2	souffle
ποίμνη	7	troupeau paissant ; tête de bétail
ποίμνιον	1	petit troupeau paissant ou troupeau de petit bétail paissant, troupeau de moutons ; tête de bétail
ποίνιμος	1	de paiement
ποθέω	1	désirer une chose absente ou éloignée
ποθι	2	quelque part, en quelque lieu ; quelquefois ; en quelque façon; où? ; où
ποιέω	4	faire
πολέμιος	4	de guerre, qui concerne la guerre ; ennemi de guerre ; ennemi; l'ennemi
πολιός	1	gris ; blanc, brillant
πολλάκις	2	souvent, fréquemment ; comme il arrive souvent, quelquefois, par hasard; le plus souvent
πολύκερως	1	de beaucoup de cornes
πολύκοινος	1	commun à plusieurs ou à beaucoup
πολύπλαγκτος	1	qui fait errer de tous côtés, qui égare loin du droit chemin
πολύπονος	1	qui cause beaucoup de peines ; qui supporte beaucoup de peines ou de fatigues
πολύρραφος	1	cousu fortement ou en plusieurs endroits
πολύς	20	nombreux ; grand ; beaucoup ; tout à fait ; beaucoup plus
πομπαῖος	1	qui conduit, conducteur
πονέω	5	avoir du mal, de la peine ; venir à bout à force de travail
ποντόπορος	1	qui parcourt la mer
πορευτέος	1	to be traversed
πορεύω	1	faire passer, transporter ; conduire, escorter ; envoyer, députer
ποτέ	34	quelquefois, une fois par hasard, un jour
ποταμός	2	fleuve, rivière ; rivière artificielle, canal ; l'Éridan
πού	14	quelque part, en quelque endroit ; en quelque manière, peut-être, probablement, je pense, je suppose
πούς	4	pied (de l'homme et des animaux)
ποῖ	5	où? ; vers quel but? ; jusques à quand? combien de temps ?
ποῖος	7	quel ? de quelle nature? de quelle espèce ? ; quel temps, combien de temps ? ; de quelle origine?
ποῦ	10	où ? en quel endroit ?
πρέπω	1	se faire remarquer, se distinguer ; annoncer par son extérieur, avoir l'air de ; avoir quelque rapport avec, convenir à
πρίαμαι	1	acheter ; prendre à bail ou à gages, louer
πρίν	8	auparavant, avant ; avant ; avant que, avant de
πρίω	1	scier
προβολή	1	action de lancer, jet, émission (d'une pousse, d'un bourgeon, etc.) ; avance, proéminence ; ce qu'on dirige en avant, pour attaquer ou se défendre ; ce qu'on met devant soi pour se garantir, rempart, défense, abri
προδίδωμι	3	donner d'avance, payer d'avance, faire l'avance de, avancer ; livrer
προθέω	2	courir en avant ; dépasser à la course
προθυμία	1	bonne volonté, zèle, ardeur, empressement ; désir
προκάμνω	1	travailler d'avance ou en continuant ; travailler, se fatiguer, se donner de la peine pour qqn
προλείπω	1	laisser derrière soi, laisser, abandonner ; faire défaut à, venir à manquer à
προπάτωρ	1	aïeul, ancêtre
προτείνω	1	s'avancer
προφωνέω	1	faire entendre ; annoncer d'avance
πρόβλημα	2	saillie (cap, promontoire, etc.)
πρόβλημα	2	ce qu'on a devant soi
πρόβλημα	2	ce qui est proposé
πρόβλητος	1	jeté au-devant de, livré à
πρόγονος	2	né avant ; né après, « en continuant »; enfant né d'un premier mariage, beau-fils; belle-fille
πρόδηλος	1	qui éclate aux yeux, très clair, très évident
πρόθυμος	1	plein d'ardeur, de bonne volonté, d'empressement
πρόκειμαι	2	être couché ou placé devant ; être exposé aux regards ; être placé auparavant
πρόνοια	1	prévision, prescience, pressentiment ; soin de pourvoir
πρόνους	1	prévoyant, prudent
πρός	50	auprès, à côté, en outre
πρότερος	1	premier de deux
πρᾶγμα	3	affaire ; action de faire, action d'entreprendre ; ce qui est fait, ce qui existe, événement, chose, affaire
πρᾶγος	2	&gt; πρᾶγμα ; les affaires de l'État
πρᾶξις	2	action ; manière d'agir ou manière d'être ; résultat d'une action, suite, conséquence
πρῶτος	7	premier
πτηνός	2	qui vole ; qui est en état de voler
πυκάζω	1	rendre compact, épaissir, couvrir d'une chose drue, serrée, dense ; rendre ferme, solide
πυκνός	1	dru, serré ; fréquent, qui se succède sans interruption
πυλωρός	1	gardien ou gardienne des portes, portier, portière; pylore, orifice inférieur pour le passage des aliments de l'estomac dans les intestins
πυνθάνομαι	3	chercher à savoir, s'enquérir, s'informer
πω	2	encore, de quelque manière ; n'importe comment, d'une façon quelconque; comment ?; bois
πωλοδαμνέω	1	dompter des poulains ; dresser, former
πως	2	de quelque façon, en quelque manière; comment ? de quelle manière ?
πόλυτλας	1	qui a beaucoup souffert, ou qui souffre beaucoup ; très patient
πόνος	13	peine, souffrance
πόντος	2	mer
πόρος	1	passage, voie de communication (par eau ou par terre)
πόρπαξ	1	anneau ou poignée de bouclier dans lesquels on passe le bras ; le bouclier
πότε	1	quand ? à quelle époque ?
πότερος	2	lequel des deux ? ; l'un ou l'autre, l'un des deux
πύλη	2	Pyles, « les Portes »
πᾶς	45	tout, toute
πῆμα	4	ce qu'on éprouve ; celui qui cause un dommage, un malheur, fléau, calamité
πῦρ	1	feu
πῶς	10	comment ? de quelle manière ?; comment ? de quelle manière ?
τάλας	12	qui supporte des maux, malheureux, infortuné ; pénible, affligeant
τάξις	1	mise en ordre, arrangement, disposition
τάφος	6	funeral-rites
τάφρος	1	fosse, fossé
τάχα	9	bientôt, vite, aussitôt ; aisément, vraisemblablement, peut-être
τάχος	8	vitesse, rapidité, promptitude
τέγγω	1	mouiller, humecter ; faire fondre, amollir
τέκνον	8	enfant (fils ou fille) ; petit d'un animal ; produit, rejeton
τέλος	4	achèvement, accomplissement, réalisation ; résultat, suite, conséquence ; fin, terme ; point culminant, sommet, but ; achèvement, formation complète, plein développement ; prix dans les luttes ; la plus haute puissance, plénitude de puissance, juridiction souveraine ; ce qui doit être accompli ; ce qui est complet en soi, troupe, corps, compagnie
τέμνω	1	couper, (avec un couteau, avec les dents, etc.) ; enlever en coupant ; découper ; couper en perçant ou en piquant, percer ; préparer, fabriquer ou faire en coupant ; traverser en coupant, fendre
τέρμα	1	but ; extrémité, terme; à la fin, enfin
τέρπω	1	rassasier ; réjouir, charmer
τέρψις	4	rassasiement, plénitude ; jouissance, charme, plaisir délicieux
τέχνη	3	art
τέως	1	aussi longtemps, pendant tout le temps ; aussi longtemps que, tant que, tandis que
τίθημι	7	poser, placer ; déposer ; mettre dans telle situation, dans tel état ; poser en principe ; établir, produire ; poser qqe ch. à soi, pour soi ou sur soi ; déposer pour soi ; mettre pour soi, dans son intérêt, dans telle situation, dans tel état ; poser un principe pour soi, admettre ; établir, produire
τίκτω	1	mettre au monde
τίνω	2	payer, acquitter ; obliger à rendre en échange de, faire payer, punir, venger
τίς	55	who? which?
ταλαίφρων	1	endurci à la peine ; malheureux
τανύπους	1	aux jambes longues et grêles
τανῦν	3	now
ταρβέω	2	être effrayé, s'effrayer ; éprouver une crainte religieuse, respecter, vénérer
ταυροπόλος	1	honorée par des sacrifices de taureaux, honorée en Tauride ; de mœurs dissolues
ταφή	4	ensevelissement, sépulture ; lieu de sépulture ; frais de sépulture
ταχύνω	2	hâter, accélérer ; se hâter, s'empresser
ταχύς	4	vite, rapide
τε	65	pour cela, pour cette raison ; car on me traiterait de lâche et d'homme vil ; mais il te propose de te donner sur-le-champ de grands biens, et il t'en promet d'autres pour l'avenir ; ou... ou
τείνω	1	tendre ; étendre, déployer ; étendre, allonger ; être étendu ; tendre avec effort ; tendre vers, se diriger vers ; avoir du rapport avec, concerner ; se rapprocher de ; faire effort ; tendre qqe ch. à soi ; étendre ou répandre pour soi ; tendre ou lancer qqe ch. à soi
τελέω	2	accomplir ; mettre un terme à ; s'acquitter de, payer ; amener à achèvement, à terme ; s'accomplir, se réaliser ; arriver au terme, arriver au terme d'un voyage
τελευτάω	1	finir, avoir une fin, prendre fin
τερπνός	2	réjouissant, agréable, charmant ; gai, joyeux
τεχνάομαι	1	make by art, execute skilfully
τεῦχος	2	ustensile, instrument
τηλωπός	1	qu'on voit au loin ou de loin
τηλόθεν	2	de loin ; au loin ; loin
τιμάω	1	juger digne ; évaluer pour soi ou qqe ch. à soi ; fixer une peine ; honorer, estimer, honorer, honorer
τιμή	2	évaluation, estimation ; prix qu'on attache à, honneur ; ce qui est tenu en honneur, objet de l'estime, du respect, autorité, magistrature ; peine, châtiment, vengeance
τις	71	qui ? lequel, laquelle, quelle chose ? ; &gt; ὅστίς; un quelconque, un certain, quelqu'un, quelque; qui ? lequel, laquelle, quelle chose ? ; &gt; ὅστίς
τλάω	6	prendre sur soi, se charger de
τλήμων	3	qui supporte patiemment ou avec courage ; qui prend sur soi, qui se charge, entreprenant, hardi, courageux
τλητός	1	patient, courageux ; qu'on peut ou qu'il faut supporter
τοίνυν	1	certes en effet, certes ; donc, ainsi donc ; eh bien donc, quant à moi
τοι	17	nom. plur. épq. et ion. de ὅ, ἥ, τό, ou de ὅς, ἥ, ὅ.; certes, vraiment; les tiens, tes parents, tes amis
τοιγάρ	3	c'est pourquoi, ainsi, eh ! bien donc
τοιοῦτος	16	moi aussi je suis de cet avis; celui qui est ainsi fait, qui a de tels sentiments
τολμάω	1	oser
τομάω	1	avoir besoin du scalpel
τομός	1	coupant, tranchant ; précis, clair
τοξότης	1	archer
τοῖος	3	tel, de telle sorte ; quel
τρέπω	4	tourner ; tourner le dos
τρέφω	5	épaissir
τρέχω	2	courir
τρίπους	1	à trois pieds ; long, large, de trois pieds; trépied ; siège à trois pieds, trépied sacré d'Apollon sur lequel siégeait la Pythie pour rendre ses oracles ; table à trois pieds ; sorte de pendants d'oreille ; sorte d'instrument de musique
τρίς	1	trois fois
τρίτος	1	troisième
τρανής	1	perçant, pénétrant, clair, net
τρεῖς	1	trois
τροπή	1	tour
τροφή	2	nourrisson
τροφεύς	2	celui qui nourrit
τροφός	1	qui nourrit, qui sert à la nourriture ; qui nourrit, qui élève; nourrice
τρόπος	2	courroie pour attacher la rame au bord du navire ; poutres faisant saillie
τρύχω	1	user par le frottement, user, consumer, épuiser, ruiner
τυγχάνω	7	se rencontrer
τυμβεύω	1	être couché dans la tombe
τυραννικός	1	de souverain ; de tyran
τόθι	1	là même ; où
τόλμα	2	acte audacieux
τόπος	2	lieu, endroit
τότε	5	alors, à ce moment, en ce temps, alors ; lorsque
τύπτω	1	frapper de près, p. opp. à frapper de loin
τύχη	8	ce que l'homme atteint par la décision des dieux
τώς	1	ainsi, de cette façon ; où
φάος	2	lumière
φάρμακον	1	toute substance au moyen de laquelle on altère la nature d'un corps, toute drogue salutaire ou malfaisante; médicament de poudres sèches
φάτις	6	ce qu'on dit
φέγγος	2	éclat, lumière
φέρω	11	porter ; se porter
φίλος	35	ami; l'ami
φαέθω	1	brillant
φαίνω	11	faire briller ; faire paraître, faire voir, rendre visible ; faire connaître, indiquer ; faire paraître une garnison, la faire avancer, la faire sortir, envoyer une expédition
φαεινός	2	brillant, éclatant
φατίζω	1	dire, déclarer ; promettre en mariage, fiancer ; nommer
φείδομαι	2	épargner, ménager
φευκτός	1	qu'il faut fuir ou éviter ; qu'on peut fuir ou éviter
φεύγω	3	qui a fui, qui a échappé à
φεῦ	4	hélas ! ; cri d'étonnement ou d'admiration, oh ! ah !
φημί	9	rendre visible, manifester sa pensée par la parole ; dire son avis, avoir une opinion, penser, croire ; dire, prétendre, se vanter de ; dire oui
φθέγμα	2	ce qui résonne
φθίω	3	épq., att. ; v. le moy.
φθείρω	3	faire périr ; gâter
φθόνος	1	malveillance, esprit de dénigrement, dépréciation ; jalousie, envie ; action de priver de qqe ch. par malveillance ou par jalousie, refus, empêchement
φιλέω	5	aimer d'amitié (p. opp. à aimer d'amour) ; aimer d'amour ; aimer
φιλόπονος	1	qui aime le travail, laborieux, actif ; qui coûte de la peine, laborieux, pénible
φιλότης	1	amitié ; être chéri, cher amour
φιλόφρων	1	qui a des sentiments d'amitié ou de bienveillance, bienveillant, bon
φιτύω	1	ensemencer, engendrer
φλέγω	3	enflammer, allumer
φλαῦρος	2	mauvais, vain, frivole, chétif, sans valeur
φοίνιος	3	d'un rouge de sang, d'un rouge sombre ; couvert de sang, ensanglanté, sanglant ; qui verse le sang, sanguinaire, meurtrier
φοβέω	3	mettre en fuite ; effrayer ; être chassé par la crainte, être mis en fuite, fuir ; être effrayé
φοιτάω	1	aller souvent
φονεύς	1	meurtrier, meurtrière ; homme ou femme qui commet un meurtre, meurtrier, homicide
φονεύω	1	tuer
φορβή	1	pâturage, nourriture
φράζω	7	mettre dans l'esprit, faire comprendre, expliquer, indiquer par signe aussi bien que par la parole ; faire comprendre par la parole ; penser ; apprendre ; remarquer, s'apercevoir de ; considérer, observer, faire attention à, veiller sur
φρήν	6	le diaphragme ; toute membrane qui enveloppe un organe ; le cœur ou l'âme
φρενομόρως	1	avec l'esprit en délire
φρενόθεν	1	volontairement
φρονέω	18	avoir la faculté de penser et de sentir, vivre ; être dans son bon sens ; penser ; être sensé, sage, prudent ; avoir dans l'esprit ; songer à, projeter de
φροντίς	1	soin, souci, préoccupation ; manière de penser, sentiment ; sujet de méditation ; pensée, réflexion, méditation
φρούρημα	1	objet gardé ; action de garder, garde ; ce qui sert à garder
φροῦδος	2	qui est en route
φρόνιμος	1	sensé, qui a sa raison, qui est dans son bon sens; le sensé
φυτεύω	1	planter ; engendrer, procréer
φωνέω	7	faire entendre un son de voix, émettre un son de voix clair ou fort ; appeler
φόβος	2	action de faire fuir en effarouchant, action de chasser, d'effaroucher, d'effrayer, ou objet d'épouvante, épouvantail ; le fait d'être effarouché, le fait d'être mis en fuite par la crainte
φόνος	6	meurtre ; sang répandu par un meurtre ; victime d'un meurtre, cadavre d'un homme tué ; ón-o-; meurtre ; sang répandu par un meurtre ; victime d'un meurtre, cadavre d'un homme tué ; ón-o-
φύλαξ	2	tout homme qui monte la garde, factionnaire, sentinelle, gardien ; garde, gardien ou gardienne ; fidèle observateur
φύω	4	pousser, faire naître, faire croître ; naître, croître, pousser ; naître, croître ; croître sur, s'attacher à, être attaché à, adhérent à
φώνημα	1	son de voix ; parole, discours
φώς	8	man
φᾶρος	1	pièce d'étoffe forte
χάρις	12	mais (v.) ce qui brille, ce qui réjouit
χαίρω	8	se réjouir, être joyeux ; se réjouir d'ordinaire, se plaire d'ordinaire à ou dans ; avoir sujet de se réjouir, n'avoir pas sujet de se réjouir, avoir à regretter, à se repentir ; se réjouir dans certaines formules
χαίτη	1	cheveux flottants, longs cheveux, longue ou épaisse chevelure
χαλκεύω	1	travailler le cuivre, l'airain ou le fer, être forgeron ; travailler en cuivre, en airain ou en fer ; se forger à soi-même ; faire forger
χαλκοθώραξ	1	à la cuirasse d'airain
χαρά	1	joie, plaisir ; ce qui réjouit le cœur (repas, etc.)
χαρμονή	1	joie, plaisir
χείρ	32	main
χείριος	1	qui est entre les mains de, au pouvoir de, soumis
χειμών	5	mauvais temps
χειροδάικτος	1	déchiré avec la main, égorgé
χερόπληκτος	1	frappé de la main
χιονόκτυπος	1	battu de la neige
χλωρός	1	d'un vert tendre comme les jeunes pousses ; vert, p. opp. à sec, qui a toute sa sève, encore frais
χορεύω	1	danser une ronde, danser en chœur ; mener un chœur de fête
χοροποιός	1	qui compose ou arrange un chœur de danse ; qui conduit un chœur, une danse
χράομαι	1	prendre une chose en main, se l'approprier, se faire donner pour un usage provisoire, emprunter, prendre à crédit
χράω	1	fall upon, attack, assail
χρή	8	tu devais; tu devais; avoir besoin
χραίνω	1	toucher légèrement à la surface, effleurer, raser
χρεία	2	usage, emploi ; matière dont on fait usage ; profit qu'on retire de l'usage d'une chose, profit, avantage ; besoin, nécessité
χρεών	1	ce qu'il faut, ce qui doit être
χρόνος	13	temps ; durée de la vie, âge ; partie d'une année ; temps, délai, retard ; temps d'un verbe ; mesure de temps, temps, quantité (d'une voyelle, d'une syllabe, etc.)
χρώς	1	surface d'un corps
χρῄζω	1	manquer de, avoir besoin ; demander, solliciter, désirer; rendre un oracle
χρῆμα	1	chose dont on se sert ou dont on a besoin
χωρέω	6	avoir un espace suffisant pour contenir ; il y a de la place
χωρίς	3	séparément
χόλος	2	bile ou fiel ; sujet de bile ou de colère
χῆρος	1	dépouillé, vide, (maison, étable, etc.) ; privé d'un parent
χῶρος	1	a definite space, piece of ground, place
ψάμαθος	1	sable, du bord de la mer ; sable de rivière
ψέγω	1	blâmer
ψίθυρος	1	qui gazouille ; qui chuchote, qui médit à voix basse, médisant; médisant
ψεύδω	2	tromper ; convaincre d'erreur ou de mensonge ; mentir ; tromper
ψηφίζω	1	compter avec des cailloux ; voter avec des cailloux, décider, décider ou attribuer par un vote ; voter ; décider, déclarer ou attribuer par un vote ; prés.
ψηφοποιός	1	qui fabrique ou arrange les suffrages pour tromper
ψιλός	1	dégarni de cheveux, de poils, de plumes ; dégarni ; seul, unique
ψόφος	1	bruit, son inarticulé
ἀέξω	1	s'accroître, s'augmenter, se développer
ἀίδηλος	1	qui rend invisible, qui fait disparaître, destructeur
ἀγέλη	1	troupeau, troupe ; groupes ou sections
ἀγαθός	2	bon, de bonne qualité
ἀγγέλλω	5	faire office de messager ; porter un message, une nouvelle ; annoncer, faire savoir ; déclarer, proclamer
ἀγγελία	1	annonce, nouvelle, message ; députation ; annonce, déclaration, proclamation ; ordre, commandement
ἀγελαῖος	1	qui forme un troupeau ; du troupeau, de la foule, de la multitude
ἀγκών	1	courbure du bras, coude ; courbure d'un membre chez les animaux, articulation ; courbure, inflexion, inclinaison
ἀγχίαλος	1	entouré (pressé ou serré) par la mer ; voisin de la mer, maritime
ἀγωνάρχης	1	président des jeux
ἀγώνιος	1	of or belonging to the contest
ἀδάματος	1	indompté ; vierge
ἀδελφός	2	frère ; frère
ἀεί	19	toujours ; chaque fois, « chaque fois » ; successivement, tour à tour, au fur et à mesure
ἀηδών	1	rossignol ; chantre
ἀθυμέω	1	être découragé, préoccupé, inquiet
ἀκάρπωτος	1	dont on ne recueille aucun fruit, stérile
ἀκμή	1	partie aiguë d'un objet
ἀκμαῖος	1	aigu, pointu
ἀκούω	10	entendre ; prêter l'oreille à, écouter ; entendre parler de soi en bien ou en mal, avoir une réputation bonne ou mauvaise
ἀλάομαι	1	errer çà et là, être errant, vagabond ; avoir l'esprit agité, être perplexe
ἀλγέω	2	souffrir ; causer une souffrance
ἀλγίων	1	plus douloureux
ἀλγεινός	1	qui cause de la douleur, douloureux, pénible ; qui éprouve de la douleur, qui souffre
ἀληθής	2	non caché, vrai ; qui rend franc
ἀλλά	77	mais d'un autre côté, (autrement)
ἀμέριμνος	1	qu'on néglige, dont on ne s'inquiète pas ; sans inquiétude ; qui dissipe toute inquiétude
ἀμείβω	1	prendre la place de, succéder à
ἀμείνων	1	meilleur
ἀμενηνός	1	sans consistance, vacillant, faible
ἀμφήκης	1	à double tranchant (epée, glaive, etc.) ; ambigu, équivoque (oracle)
ἀμφί	7	autour de la tête, de la poitrine ; tout autour de la poitrine
ἀμφίδρομος	1	où l'on court en deux sens ; qui court autour, qui enveloppe
ἀμφίπυρος	1	qui est en feu tout autour ; qui porte une torche dans chaque main (Artémis)
ἀμφίρυτος	1	baigné tout autour
ἀνά	2	on board
ἀνάλγητος	2	qui ne cause pas de douleur, exempt de douleur
ἀνάξιος	1	unworthy, not deemed or held worthy
ἀνέρομαι	1	interroger
ἀνέχω	1	retenir, arrêter ; se relever
ἀνήρ	85	celui qui engendre; l'homme, celui-ci, celui-là
ἀνήριθμος	1	innombrable, immense
ἀνία	3	chagrin, ennui, affliction
ἀνίημι	1	envoyer ou lancer en haut ; se relâcher
ἀναγκαίη	1	nécessité, contrainte ; moyen de contrainte (torture, prison, etc.) ; liens du sang
ἀναγκαῖος	1	contraint, forcé
ἀναιρέω	1	enlever ; enlever, remporter (un prix) ; enlever, faire disparaître, emmener de force ou par ruse ; faire périr ; ordonner, prescrire ; enlever pour soi, prendre pour soi ou sur soi ; enlever, prendre dans ses bras ; enlever un mort pour lui donner la sépulture ; enlever, emporter ; emmener avec soi, prendre à son service ; enlever, faire disparaître ; prendre sur soi, se charger de
ἀναπέτομαι	1	s'envoler
ἀναπνέω	1	tirer le souffle, souffler, respirer ; pousser le souffle en haut, exhaler ; reprendre haleine, souffler ; faire reprendre haleine
ἀναπνοή	1	action de reprendre haleine
ἀναρίθμητος	1	qu'on ne peut compter ou mesurer ; dont on ne tient pas compte, qui compte pour rien
ἀναρπάζω	1	emmener de force, entraîner
ἀναρρήγνυμι	1	éclater ; s'ouvrir largement
ἀνατίθημι	1	placer en arrière, reculer, différer ; restaurer (des fêtes, des jeux, etc.) ; déplacer (les pions sur un échiquier)
ἀναχέω	1	faire déborder
ἀναύδητος	1	qui ne parle pas, muet
ἀνθρώπειος	1	d'homme, humain
ἀνιάζω	1	chagriner, tourmenter ; être affligé, tourmenté
ἀνιάω	2	chagriner ; être un sujet de chagrin pour ; importuner, ennuyer
ἀνοίγνυμι	1	ouvrir ; découvrir, révéler, déclarer
ἀνοιμωκτί	1	sans avoir à te lamenter, impunément
ἀντάω	1	se trouver en face de, rencontrer ; se rencontrer avec, en venir aux mains avec ; rencontrer, obtenir, avoir part à
ἀντήλιος	1	qui regarde le levant ; exposé au soleil ; brillant comme le soleil ; produit par la réflexion du soleil
ἀντί	6	en face de ; au lieu de, à la place de
ἀντακούω	1	entendre ou écouter à son tour ; apprendre en échange ou à son tour
ἀντιάζω	1	aller au-devant de ; rencontrer, obtenir
ἀντιτίνω	1	payer en retour, expier
ἀντιφωνέω	1	résonner en réponse
ἀνόητος	2	dont on n'a pas entendu parler ; qu'on ne saisit pas par l'esprit ; qui ne pense pas ; qui ne comprend pas
ἀνόνητος	1	vain, inutile ; qui ne tire pas profit de
ἀνύω	2	faire aboutir
ἀνώδυνος	1	exempt de douleur
ἀξιόω	2	évaluer, apprécier ; juger convenable, croire juste
ἀπαλέξω	1	repousser, écarter
ἀπαρνέομαι	1	refuser, repousser ; nier
ἀπατάω	1	tromper ; être trompé, se tromper
ἀπαυδάω	1	défendre ; refuser, décliner ; perdre l'usage de la parole, devenir muet
ἀπείργω	5	séparer par une barrière ; tenir à l'écart de
ἀπειλή	1	menace ; jactance, vanterie
ἀπερύκω	1	écarter, repousser
ἀπευθύνω	1	redresser (un objet dévié ou tordu) ; faire dévier, détourner
ἀποβλάπτω	1	ruiner de fond en comble
ἀποκαλέω	1	appeler par suite de, nommer, surnommer
ἀποπαύω	1	faire cesser, arrêter ; cesser
ἀπορρέω	1	couler de, découler
ἀπορρίπτω	1	jeter loin de soi
ἀποφθίνω	1	périr
ἀποψύχω	1	exhaler ; exposer à l'air
ἀπρίξ	1	comme les dents d'une scie, fermement, sans lâcher prise, prendre, saisir, tenir
ἀπωθέω	1	repousser ; repousser au loin ; pousser à la suite l'un de l'autre ; repousser ou écarter de soi ; repousser au loin
ἀπό	15	au loin, à l'écart
ἀπόλλυμι	3	perdre, faire périr ; perdre, subir une perte ; être arraché pour sa perte de ; se perdre, se laisser corrompre ; se perdre, s'évanouir, s'échapper
ἀπότροπος	1	qui se détourne, qui fuit ; qui s'éloigne de la société des hommes, qui vit à l'écart ; dont on se détourne avec crainte ou horreur, terrible ou abominable ; qui détourne (les maux) ; qui détourne ou dissuade de
ἀράομαι	1	adresser une prière
ἀρήγω	3	secourir, défendre dans un combat ; écarter, repousser (un ennemi, un danger)
ἀργίπους	1	aux pieds agiles
ἀρετή	2	mérite ou qualité par quoi l'on excelle ; bon office, service
ἀριθμός	1	ajustement, agencement
ἀρκέω	9	écarter, repousser ; résister, tenir bon ; suffire
ἀρχή	3	ce qui est en avant; le gouvernement
ἀρχαῖος	1	primitif, originaire
ἀρωγός	3	qui vient en aide ; vengeur; auxiliaire, défenseur (dans un combat)
ἀτάλλω	1	nourrir avec tendresse, caresser; sauter, bondir comme un enfant
ἀτάομαι	2	suffer, be in distress
ἀτάρβητος	1	intrépide
ἀτιμάζω	3	mépriser, traiter avec dédain ; juger indigne
ἀτιμάω	1	mépriser, traiter avec mépris
ἀφέρπω	1	s'éloigner en rampant, s'esquiver ; s'éloigner, s'en aller
ἀφίημι	3	laisser aller
ἀφαιρέω	1	enlever, ôter ; séparer, éloigner ; ôter une part de ; enlever, ôter ; écarter, éloigner ; enlever par amputation, couper (la tête, les oreilles, etc.)
ἀφικνέομαι	2	arriver ; revenir, retourner
ἀφορμάω	1	s'élancer ; jaillir ; s'éloigner vivement, s'éloigner ; retenir son élan, se réfréner, éprouver de l'aversion
ἀψόφητος	1	sans bruit
ἁγνίζω	1	purifier par l'eau (p. opp. à purifier par le feu) ; purifier par le feu ; purifier, purifier (un mort) suivant les rites ; garder ses lèvres ou ses mains pures, s'abstenir de
ἁλίπλαγκτος	1	qui erre sur mer ; qui erre au bord de la mer (Pan, etc.); matelot
ἁλίπληκτος	1	battu des flots
ἁλίρροθος	1	qui résonne du bruit de la mer
ἁλιάδης	1	seaman
ἁμαρτάνω	3	manquer le but ; dévier, s'égarer ; se tromper, se méprendre ; ne pas obtenir ; être privé de ; manquer de faire, négliger ; commettre une faute, faillir, pécher
ἁπλόος	1	simple
ἁρπάζω	1	enlever de force, ravir ; saisir à la hâte, s'emparer vivement de
ἄγαν	6	beaucoup, très, fort, tout à fait ; trop
ἄγγελος	2	qui apporte une nouvelle ; message, nouvelle
ἄγε	2	allons ! eh bien ! voyons !
ἄγρα	5	chasse ; gibier, proie, butin
ἄγριος	1	qui vit dans les champs, campagnard
ἄγω	11	se pousser en avant, s'avancer
ἄδηλος	1	qui ne se montre pas, qu'on ne voit pas, invisible ; qui ne laisse rien voir, qui ne trahit rien, impénétrable (visage, etc.) ; obscur, incertain, inconnu
ἄδωρος	2	qui ne reçoit pas de l'argent en présent, incorruptible ; qui ne fait pas de présents, qui ne donne pas ; qui n'est pas un présent
ἄελπτος	2	qui désespère
ἄημα	1	souffle
ἄθαπτος	3	sans sépulture ; indigne de sépulture
ἄιδρις	2	ignorant de
ἄκλητος	1	non appelé, sans être appelé
ἄκος	1	remède
ἄκρον	1	extrême; au sommet ; au point extrême, à la limite ; au plus haut point, d'une façon supérieure; le sommet ; le point le plus avancé, le point extrême, l'extrémité ; promontoire, cap
ἄκρος	4	extrême
ἄλγος	2	souffrance ; sujet de peine, mal
ἄλημα	2	pelure du grain de blé moulu, son, rebut
ἄλλος	18	autre; le reste
ἄλλοτε	1	une autre fois, d'autres fois
ἄμοιρος	1	qui ne participe pas à, exclu de
ἄμυγμα	1	action d'arracher (les cheveux) ; déchirure (faite par des ongles)
ἄμφω	1	tous deux
ἄν	2	modal particle; implies condition
ἄν1	83	alors Ulysse se leva; si; part. équival. à notre « le cas échéant »; non coupable, non responsable, innocent ; qui n'est pas une cause
ἄναξ	9	maître, chef, roi
ἄναυδος	1	indicible, qu'on n'ose dire
ἄνευ	1	séparément de
ἄνθρωπος	10	homme, être humain; femme; l'homme; homme
ἄνολβος	1	malheureux
ἄνοος	1	insensé, irréfléchi, imprudent
ἄντρον	1	grotte, antre, caverne
ἄντυξ	1	circonférence d'un objet rond
ἄνω	4	accomplish, finish
ἄνωγα	1	commander, ordonner
ἄξιος	2	qui entraîne par son poids, qui est de poids, qui vaut, qui a la valeur de ; qui mérite, digne de ; qui en vaut la peine ; de grande valeur ; d'une valeur convenable, modérée, à bas prix
ἄοκνος	1	qui ne tarde pas
ἄπειμι	1	sum
ἄπλατος	1	inabordable, terrible; qui ne peut être rempli, infini, immense
ἄποπτος	1	qu'on voit seulement de loin ; qu'on peut voir de loin, visible ; placé hors de la vue
ἄποτος	1	non potable ; qu'on ne boit pas ; qui ne boit pas ou n'a pas bu ; qui boit peu ou ne boit pas
ἄρα	11	puis, alors, et ; par suite, ainsi donc, donc ; puisque, à savoir, c'est-à-dire, en effet
ἄρδην	1	en haut, en l'air ; de fond en comble
ἄρνειος	1	d'agneau
ἄρνυμαι	1	s'efforcer de prendre, d'obtenir ou de conserver
ἄρουρα	1	terre labourée ou labourable, champ ; fig. le champ conjugal ; sein maternel
ἄρρηκτος	1	qu'on ne peut briser
ἄρρητος	2	dont on n'a pas parlé ; qu'on ne doit pas divulguer, mystérieux, sacré ; qu'on ne peut exprimer par la parole, indicible, inexprimable ; irrationnel
ἄρτι	6	justement, précisément
ἄρτιος	7	qui s'emboîte bien, bien ajusté
ἄρχω	5	être le premier ; faire le premier ou pour la première fois
ἄρχων	2	chef
ἄτερ	4	à l'écart de ; à l'exclusion de, sans
ἄτη	9	fléau envoyé par les dieux comme châtiment d'une faute, aveuglement de l'esprit, égarement, folie ; faute commise par suite de l'égarement de l'esprit ; faute, crime ; ruine, malheur
ἄτιμος	2	sans prix, de peu de prix ; sans paiement
ἄτλητος	1	qui ne peut supporter, impatient de
ἄτρυτος	1	qui ne se lasse pas
ἄυπνος	1	sans sommeil, qui ne dort pas ; que l'on passe sans sommeil (nuit) ; sommeil qui n'en est pas un, sommeil léger
ἄφθογγος	1	sans voix, muet ; dont on ne doit pas parler
ἄφιλος	2	sans amis ; ennemi, hostile ; non agréable, désagréable, déplaisant
ἄφοβος	1	qui ne craint pas, sans crainte, intrépide ; qui n'inspire pas de crainte
ἄφρακτος	1	non enclos, non enfermé; vaisseau non ponté
ἄφρων	1	privé de sentiment ; qui a perdu la raison
ἄφωνος	1	sans voix
ἄχθος	1	charge, fardeau ; souci, chagrin
ἄχος	5	douleur morale, chagrin, affliction ; douleur physique
ἄψορρος	1	qui s'élance en arrière, qui revient sur ses pas
ἅλιος	1	of the sea
ἅλμα	1	saut, bond ; palpitation, battement de cœur; toute substance salée ; goût salé, saveur âcre
ἅμα	4	ensemble, tout à la fois ; en même temps ; à la fois... et ; en même temps que, avec ; en compagnie de, avec ; pareillement à, de même que
ἅπας	7	tous ensemble, tous sans exception
ἅτερος	1	autre ; autre
ἆρα	10	est-ce donc que ? est-ce donc ? ; donc
Ἀγαμέμνων	1	Agamemnon
Ἀθήνη	7	Athèna ; Athènes
Ἀθῆναι	1	Athènes ; l'Attique
Ἀργεῖος	11	d'Argos, Argien, habitant d'Argos ou de l'Argolide; Argeios, (h.)
Ἀτρείδης	10	Atride, fils d'Atrée (Agamemnon Ménélas)
Ἀχίλλειος	3	qui concerne Achille, d'Achille (lance, armes, chevaux, tombeau, etc.); mille-feuilles (pl.)
Ἀχαιός	6	d'Achaïe, achéen; Akhæos, (h.)
Ἄρης	4	Arès ; la planète Mars
ἐάν	9	si, au cas où
ἐάω	8	laisser ; laisser aller, congédier ; laisser de côté
ἐγγύθεν	1	de près
ἐγγύς	1	près, proche, auprès
ἐγκαταζεύγνυμι	1	adapter par suite de, accommoder en conséquence à
ἐγκλείω	1	fermer devant, tenir fermé ; enfermer dans, tenir enfermé dans ; s'enfermer, se tenir enfermé ; tenir renfermé en soi
ἐγκονέω	2	faire diligence, se hâter, s'empresser
ἐγώ	218	pron. pers. de la 1re~pers.
ἐγώγε	1	moi du moins, pour moi, quant à moi ; « oui certes », « moi ? oui certes »
ἐθέλω	15	vouloir
ἐκ	27	« sortir de ». hors, dehors
ἐκβάλλω	5	jeter hors de ; se jeter hors de, s'élancer
ἐκβαίνω	1	faire sortir, faire débarquer
ἐκεῖ	3	là, là même ; alors
ἐκεῖθεν	2	à partir de ce moment, dès lors; ceux de là-bas
ἐκεῖνος	31	celui-là, celle-là, cela ; voilà justement celui que tu cherches ; c'est Iros qui est assis là ; si qqn est pris livrant la ville aux tyrans, qu'il meure, et que les enfants de celui-là (quel qu'il soit) ; ce grand dieu
ἐκκαλύπτω	1	découvrir
ἐκλύω	2	délier ; se retirer, s'éloigner
ἐκνέμομαι	1	paître, se repaître ; mener paître, conduire au dehors
ἐκπέμπω	1	envoyer hors de ; faire sortir en appelant, appeler hors de ; s'éloigner, partir
ἐκπίπτω	1	fall out of
ἐκπλέω	1	sortir du port, lever l'ancre, mettre à la voile ; naviguer hors de ; nager hors de, émigrer
ἐκπνέω	2	exhaler un souffle, expirer, p. opp. à aspirer ; souffler de ; cesser de souffler, devenir calme, se calmer
ἐκποδών	1	loin, au loin hors des pieds
ἐκπυνθάνομαι	1	s'informer, chercher à savoir ; apprendre, savoir
ἐκρήγνυμι	1	éclater, faire éruption
ἐκτίνω	1	payer entièrement, acquitter
ἐκτείνω	1	étendre, tendre ; étendre sur le sol ou sur une surface ; tendre avec effort ; étendre, développer, déployer ; allonger une voyelle ou une syllabe
ἐκτρέπω	1	détourner ; changer
ἐκτός	3	au dehors ; hors de; les choses du dehors; ceux du dehors, les étrangers
ἐκφέρω	1	porter hors de ; produire au dehors ; se porter au dehors, s'élancer ; porter d'un endroit à un autre ; produire au dehors
ἐκφεύγω	1	fuir hors de, s'enfuir ; échapper à
ἐκφύω	2	faire naître ; naître de, provenir de
ἐκχωρέω	1	sortir d'un pays, quitter un pays, émigrer ; sortir d'un lieu ; céder la place, se retirer
ἐλαφηβολία	1	chasse au cerf
ἐλαύνω	3	s'avancer à cheval, sur un navire, à la tête d'une armée
ἐλεύθερος	3	libre ; qui convient à un homme libre
ἐλλείπω	1	laisser derrière soi ; laisser de côté, négliger ; rester en arrière
ἐλλός	1	faon, jeune cerf; muet, agile
ἐλπίζω	2	attendre, s'attendre à ; faire espérer
ἐλπίς	3	attente d'une chose, pensée, conjecture, prévision
ἐλύω	1	rouler, se rouler
ἐμαυτοῦ	1	1re~pers.
ἐμβάλλω	1	se jeter dans ou sur ; se jeter sur (l'ennemi), attaquer
ἐμμένω	1	rester dans
ἐμπίπτω	1	fall in or on
ἐμπολάω	1	faire du commerce, trafiquer, négocier ; se procurer par le commerce, gagner par le commerce
ἐμφανής	3	qui montre en soi, qui réfléchit (une image) ; qui apparaît
ἐμφερής	1	ressemblant, qui ressemble à
ἐμός	34	mon, mien, qui m'appartient, qui me concerne ; qui s'adresse à moi ; qui m'est attaché, mon cher, mon
ἐν	52	dedans, dans, en.
ἐνάγω	1	conduire dans ; amener à, engager à
ἐνάλιος	1	qui est ou vit dans la mer ; qui vit sur mer ; qui concerne la mer ou les marins
ἐνέπω	2	dire ; parler ; appeler d'un nom
ἐναντίος	1	qui est en face de, vis-à-vis de, à l'encontre de ; qui se tient en face de ; opposé, contraire ; combattre en face de qqn
ἐνθάδε	2	ici; les affaires de ce pays; ceux d'ici, les vivants
ἐννοέω	1	avoir dans l'esprit ; se mettre dans l'esprit, comprendre, se représenter
ἐννύχιος	2	de la nuit, nocturne
ἐντολή	1	ordre, instruction
ἐντρέπω	1	retourner ; changer ; rentrer en soi-même, réfléchir, hésiter ; se laisser émouvoir ou attendrir ; se préoccuper ; éprouver un sentiment de crainte ou de respect devant ; éprouver un sentiment de honte
ἐντυγχάνω	1	rencontrer par hasard ; se rencontrer avec ; avoir commerce avec un livre ; lire
ἐνώμοτος	1	lié par un serment; conjuré, conspirateur
ἐξέρομαι	1	questionner, interroger
ἐξαίρω	1	s'élever
ἐξαίφνης	1	tout à coup, subitement
ἐξαμάω	1	enlever avec la faux, moissonner, faucher
ἐξανύω	2	accomplir, exécuter ; mener à terme ; tuer ; venir à bout de, l'emporter sur, vaincre ; accomplir, exécuter ; obtenir
ἐξεράω	1	évacuer
ἐξεργάζομαι	2	mener à terme ; exercer, cultiver ; venir à bout de
ἐξετάζω	1	rechercher avec soin ; admettre après examen
ἐξεφίημι	1	mander, prescrire
ἐξηγέομαι	1	conduire pas à pas ou jusqu'au terme
ἐξικνέομαι	1	dépasser, s'étendre, parvenir à, atteindre ; parvenir à, atteindre ; être capable de, suffire à
ἐξοιμώζω	1	pousser des gémissements
ἐξομοιόω	1	faire ressembler complètement, assimiler ; exécuter d'une façon semblable à ; donner des produits semblables
ἐξορμάω	1	pousser en avant
ἐξωθέω	1	pousser dehors ou hors de
ἐπάγω	1	se mettre en marche, se diriger
ἐπάκτιος	1	qui se trouve ou qui réside au bord de la mer
ἐπέρχομαι	1	venir auprès, s'approcher de ; venir sur, survenir ; venir dans ; venir à travers, traverser, parcourir ; venir à la suite ou après ; venir de nouveau, revenir
ἐπέχω	2	have or hold upon
ἐπί	20	sur, dessus
ἐπίκαιρος	1	opportun, favorable, convenable ; important ; temporaire
ἐπίτριπτος	1	usé par le frottement
ἐπαίω	1	prêter l'oreille à, faire attention à ; entendre
ἐπαινέω	5	louer ; réciter en déclamant
ἐπακτός	1	amené ; amené du dehors
ἐπαπειλέω	1	lancer une menace contre
ἐπαρκέω	1	venir en aide à, secourir ; écarter ; subvenir à, pourvoir à ; suffire
ἐπεί	7	après que, lorsque ; depuis que ; puisque, car ; par suite, c'est pourquoi, donc ; quoique, et cependant
ἐπεγγελάω	3	rire de, se moquer de
ἐπεμπίπτω	1	tomber sur, se jeter sur, attaquer ; se jeter sur, s'attacher avec ardeur à
ἐπεντύνω	1	équiper pour ou contre, préparer contre, armer contre
ἐπιβαίνω	3	marcher sur ; monter sur ; marcher sur ou vers ; faire marcher sur ; faire monter
ἐπιβουλευτής	1	qui tend des embûches
ἐπιβρόντητος	1	à l'esprit égaré (frappé de la foudre)
ἐπικουφίζω	1	alléger ; soulever légèrement
ἐπιμελέομαι	1	avoir soin de, s'occuper de, veiller à ; prendre soin d'une chose spécialement, être chargé de, diriger, commander ; s'occuper de, s'appliquer à, s'exercer à (la pratique d'un art, d'une science, etc.)
ἐπιχαίρω	2	se réjouir de
ἐπιψαύω	1	toucher à la surface, toucher légèrement, effleurer
ἐποικτείρω	1	se lamenter sur
ἐπώνυμος	2	qui donne son nom à
ἐπῳδή	1	chant ou parole magique, charme, pour guérir une blessure
ἐράω1	1	aimer d'amour, être épris de ; aimer passionnément ; désirer vivement, souhaiter; aimer d'amour, être épris de ; aimer passionnément ; désirer vivement, souhaiter
ἐργάζομαι	2	être travaillé
ἐρείπιον	1	débris, ruine
ἐρείπω	1	renverser, abattre (un mur, etc.) ; tomber, s'abattre
ἐρεμνός	1	obscur, sombre, ténébreux ; sombre, noir, (nuit, tempête, égide, etc.) ; obscur
ἐρῶ	5	aimer d'amour, être épris de ; aimer passionnément ; désirer vivement, souhaiter
ἐφάπτω	1	s'attacher à ; se rattacher à, avoir un lien avec ; toucher à; allumer
ἐφήκω	1	survenir ; se rapporter à, convenir
ἐφίημι	5	envoyer à ou contre ; laisser aller ; se diriger vers, tendre à
ἐφορμάω	1	pousser, exciter ; s'élancer
ἐφυβρίζω	2	insulter, outrager ; triompher avec insolence
ἐχθίων	1	sert de comp. à ἐχθρός (haï, détesté)
ἐχθαίρω	1	haïr, détester
ἐχθαρτέος	1	to be hated
ἐχθοδοπός	1	hostile à ; odieux à
ἐχθρός	23	haï, détesté ; qui hait, ennemi de; l'ennemi de qqn
ἑαυτοῦ	6	de soi-même, à soi-même, soi-même ; et de la 2e~pers. ; des uns aux autres, les uns aux autres
ἑδώλιον	1	(au plur. τὰ ἑδώλια) siège
ἑκών	1	qui agit de son plein gré, spontanément ; qui consent, qui fait qqe ch. non volontairement, malgré soi
ἑπτάβοιος	1	garni de sept peaux de bœuf
ἑρκεῖος	1	qui concerne l'enceinte d'une clôture
ἑταιρεία	1	association de camarades, d'amis ; liaison amicale, amitié ; &gt; ἑταίρησις
ἑταῖρος	1	compagnon, compagnon d'un chef, compagnon d'armes ; mon ami, mon bon ami ; amant ; compagnon ou compagne de ; qui vit en troupe ou par bandes
ἑτοῖμος	1	réel, effectif
ἔγχος	4	pique, lance ; épée ; javelot, trait ; arme
ἔκγονος	1	né de
ἔμπας	3	de toutes manières, quoi qu'on fasse, dans tous les cas, après tout ; mais cependant, toutefois
ἔμπεδος	1	qui repose solidement sur le sol, ferme, solide (mur, meuble, etc.) ; continu, incessant (garde, soin, servitude, etc.); emprisonné dans une entrave, enchaîné
ἔμπληκτος	1	frappé de stupeur ; inconstant, léger
ἔμφρων	1	qui a conscience de soi-même ; qui est en possession de sa raison ou la recouvre
ἔναρα	1	armes enlevées à un mort, dépouilles ; butin de guerre
ἔνδικος	3	conforme à la justice
ἔνδοθεν	1	de l'intérieur, du dedans ; à l'intérieur, au dedans; les choses de l'intérieur; les gens de la maison, les serviteurs
ἔνδον	6	au dedans; les choses de la maison ; plus à l'intérieur, plus loin, ci-dessous (dans un livre); les gens de la maison
ἔνθα	6	là ; où
ἔνθεν	2	de là
ἔξοδος	3	going out
ἔξω	2	au dehors, dehors, hors; les adversaires; les choses extérieures; l’avant, le champ de tir (d’une machine de jet)
ἔοικα	9	se reculer ; relâcher, concéder; être semblable à, ressembler à
ἔπαινος	1	approbation ; avis
ἔπαυλος	1	étable, parc pour les bestiaux pendant la nuit ; résidence
ἔπειμι	2	sum
ἔπειτα	4	ensuite; l'avenir, la postérité; l'avenir, la postérité; ensuite, désormais.
ἔπος	15	ce qu'on exprime par la parole
ἔραμαι	1	aimer passionnément, être épris de : de qqn
ἔργον	13	action ; œuvre, ouvrage ; travail accompli ; chose, affaire, fait, acte, événement
ἔργω	2	shut in
ἔρεβος	1	obscurité, ténèbres ; l'Érèbe
ἔρις	3	strife, quarrel, contention
ἔρυμα	1	tout ce qui sert à protéger, abri, défense (vêtement, cuirasse, armure, etc.)
ἔρχομαι	9	venir ; aller ; s'en aller ; ou d'êtres animés ; jusqu'à ce que vienne la nuit
ἔρως	3	désir des sens, amour ; objet d'amour
ἔτι	17	encore ; tout de suite, aussitôt ; dès lors, alors ; encore, en outre, de plus
ἔτος	2	an, année
ἔφαλος	1	qui est sur la mer ; situé près de la mer, maritime; la côte
ἔφεδρος	1	qui est assis ou s'assied sur, qui est posé ou se pose sur (des lions, un cheval, etc.) ; qui est assis ou s'assied auprès
ἔχθω	1	haïr, détester
ἔχω	53	porter ; s'attacher à ; porter ; tenir en arrière de, retenir ; s'attacher à
ἕ	1	acc. enclit. du pron. pers. 3e~pers. lui ; pron. démonstr.
ἕδρα	4	tout objet pour s'asseoir, siège, stalle, banc ; partie du corps sur laquelle on s'assied, siège, fondement ; action de s'asseoir
ἕδρανον	1	siège, demeure ; support, soutien
ἕζομαι	2	s'asseoir
ἕλιξ	1	twisted, curved
ἕλωρ	1	proie
ἕνεκα	3	parce que
ἕπομαι	1	suivre, accompagner
ἕρκος	2	tout ce qui sert à enfermer
ἕρπω	4	se traîner péniblement ; s'avancer peu à peu, glisser doucement ; se mouvoir, s'avancer, aller
ἕως	2	jusqu'à ce que ; tandis que, pendant que, tant que, aussi longtemps que ; afin que ; jusque ; pendant un certain temps, quelque temps; l'aurore, le point du jour ; l'orient
Ἐνυάλιος	1	Ényalios (le Belliqueux)
Ἐρινύς	4	Érinys
Ἑλληνίς	1	hellénique, grecque (terre, île, ville); une femme grecque
Ἑρμῆς	1	Hermès ; hermès, ou tête d'Hermès posée sur une stèle ou petite colonne dans les rues, sur les places, soit parce qu'Hermès était le dieu des voyageurs et le protecteur des chemins, soit plutôt « borne » ou « poteau », « tas de pierres » ou la limite des propriétés ; d'où au pl. des hermès ; Mercure ; le jour de Mercure
Ἕκτωρ	6	Hector
Ἕλλην	4	hellène, grec; Hellène
ἠπύω	1	résonner, retentir
ἡγέομαι	1	marcher devant ; croire, penser
ἡδονή	2	plaisir, jouissance, agrément ; qualité sensible d'un objet (goût, saveur, odeur, couleur)
ἡδύς	4	agréable, doux
ἡμέρα	10	jour
ἡμέριος	1	du jour, qui se fait pendant le jour ; qui ne dure qu'un jour, éphémère, périssable ; de chaque jour, quotidien
ἡμερία	1	le jour
ἡνία	1	reins
ἡνίκα	5	lorsque
ἤ	42	or
ἤδη	11	à partir d'ici
ἥδομαι	2	réjouir, charmer
ἥκω	5	être arrivé, être venu, être là ; aboutir à, se rapporter à, se rattacher à
ἦ	19	certes, sans doute ; est-ce que ?
ἦθος	1	séjour habituel, demeure, résidence, écurie ; caractère habituel
ἦμαρ	2	jour ; jour ; jour, temps, saison ; jour, temps
ἦμος	1	notre, le nôtre; lorsque ; tant que, aussi longtemps que
ἧμαι	1	être assis ; être bas
ἧπαρ	1	foie ; terre fertile ; &gt; ἥπατος
Ἥλιος	1	Hèlios, le Soleil
ἰάπτω	2	hurt, spoil
ἰατρός	1	médecin; femme qui exerce la médecine
ἰαύω	1	se reposer ; laisser se reposer, délasser
ἰδού	2	voici, voilà
ἰού	2	oh !
ἰχνεύω	1	suivre à la piste
ἰώ	19	hélas! malheureuse que je suis !
ἱδρυτέον	1	one must set up
ἱδρώς	1	sueur ; humeur ou liqueur sécrétée par un arbre ou par une plante, résine, gomme
ἱερός	2	auguste, admirable, fort, puissant ; sacré ; l'ancre de miséricorde, la dernière ancre
ἱκετήριος	1	de suppliant ; suppliant
ἱκνέομαι	3	venir, aller ; arriver jusqu'à, atteindre, gagner ; venir en suppliant, venir supplier ; revenir à qqn, être le lot, la part de qqn, convenir à qqn
ἱππικός	1	qui concerne les chevaux, de cheval ; qui concerne les cavaliers, de cavalier, de cavalerie ; qui concerne les chars, de char; habile cavalier
ἱπποδέτης	1	qui sert à attacher les chevaux; qui attache les chevaux (Hèraklès)
ἱππομανής	1	où s'ébattent les chevaux (prairie)
ἱππονώμας	1	conducteur de chevaux
ἴλη	1	troupe
ἴχνος	2	marque du pied, trace de pas ; plante du pied
ἵημι	3	se jeter, s'élancer, s'épancher
ἵνα	2	là ; pour que, afin que ; si ; parce que
ὀδύνη	1	douleur
ὀδύρομαι	2	se plaindre, se lamenter ; plaindre, déplorer, se lamenter sur
ὀκνέω	2	être lent, paresseux, tarder, différer ; hésiter, craindre
ὀλέθριος	1	qui cause la perte ou la mort, funeste, fatal ; malheureux, misérable
ὀνειδίζω	1	injurier, invectiver, insulter ; reprocher : faire des reproches à qqn
ὀξύς	3	wood sorrel, Oxalis Acetosella
ὀξύτονος	1	au son aigu, aigu, perçant ; frappé d'un accent aigu sur la dernière syllabe
ὀπτήρ	1	observateur, surveillant, espion ; témoin oculaire
ὀργή	3	agitation intérieure qui gonfle l'âme
ὀρθός	4	droit, tout droit, qui se dresse ; se tenir debout ; droit, en droite ligne ; droit
ὀρθόω	1	diriger droit en l'air ; redresser ce qui est courbé ou ployé
ὀρφανός	1	privé de son père ou de sa mère, orphelin ; sans enfants, sans rejetons ; privé de
ὀτρύνω	2	pousser, exciter, presser
ὀφείλω	1	devoir, avoir une dette, être débiteur, être redevable de ; devoir, être obligé à, être tenu de
ὀφειλέτης	1	débiteur
ὀφθαλμός	2	œil
ὁ	327	pronom démonstratif ce, cette ; article le, la
ὁδοιπορέω	1	voyager, à pied
ὁδός	5	voie
ὁθούνεκα	3	parce que ; que
ὁμαίμων	1	qui est du même sang : frère ou sœur ; qui concerne un parent par le sang
ὁμευνέτις	1	fém. d'ὁμευνέτης (époux)
ὁμιλέω	2	être en relations, avoir commerce avec ; se rassembler, se rencontrer ; se rencontrer, en venir aux mains ; avoir commerce avec ; fréquenter (un lieu), séjourner dans, parcourir ; se livrer d'ordinaire à une occupation, s'adonner à
ὁμιλία	1	réunion ; compagnie, société
ὁμοῖος	3	semblable ; se construit
ὁμοῦ	7	en un même lieu, ensemble ; ensemble, à la fois ; auprès, proche
ὁμῶς	1	également, de la même façon, de même
ὁπλίζω	1	appareiller, mettre en état
ὁποῖος	2	quel, de quelle sorte
ὁράω	19	voir ; voir
ὁρμάω	4	se mettre en mouvement, s'élancer ; se mettre en mouvement, s'élancer
ὄγκος	1	barb
ὄκνος	2	lenteur ; butor
ὄλεθρος	1	perte, ruine, mort ; ce qui cause la ruine, fléau
ὄλλυμι	7	perdre
ὄμμα	10	œil, regard ; ce qu'on voit, vue, spectacle
ὄνειδος	2	reproche, blâme ; sujet de honte, honte, déshonneur
ὄνομα	1	nom
ὄνυξ	1	ongle
ὄργανον	1	instrument ; ouvrage, œuvre
ὄρνις	2	oiseau
ὄρχημα	1	danse ; pantomime
ὄτοβος	1	bruit retentissant
ὄψις	1	action de voir, la vue ; organe de la vue, œil ; apparence extérieure d'une chose, aspect, air ; vue, spectacle ; apparition, vision, rêve
ὅδε	139	celui-ci, celle-ci, ceci, rappelle l'idée d'une pers. ou d'une chose déjà mentionnées
ὅλος	1	qui forme un tout, tout entier, entier ; qui n'a pas subi d'atteinte, intact
ὅμοιος	1	semblable ; se construit
ὅμως	2	cependant, pourtant, néanmoins
ὅπλον	7	instrument, outillage, appareil
ὅποι	2	où
ὅπου	7	où, en quel lieu ; quand, lorsque ; en tant que, puisque, comme
ὅπως	12	comme, de la façon que ; comment ; afin que, de façon que, en sorte que ; quand, lorsque
ὅς	70	celui-ci, celle-ci, ceci, il, elle ; qui, lequel, laquelle; 3e~pers. son, sa ; des 1re et 2e~pers. sg. et pl.
ὅταν	7	quand, lorsque, aussi souvent que, autant de fois que
ὅτε	9	quand, lorsque ; comme, puisque; jusqu'à ce que
ὅτι	2	en ce que, en tant que ; que, dire, savoir, apprendre ; parce que ; pourquoi ? ; le plus promptement possible
Ὀλυμπιάς	1	habitante de l'Olympe ; d'Olympie; Olympias; habitante de l'Olympe ; d'Olympie; Olympias; vent qui souffle du mt Olympe
Ὄλυμπος	1	Olympos
ὑβρίζω	6	traiter avec insolence, maltraiter, injurier, outrager, traiter qqn avec orgueil, insolence ou violence, le railler, l'injurier, le maltraiter
ὑγρός	1	mouillé ; qui concerne l'humidité, la fluidité ou l'eau
ὑλήεις	1	couvert de bois, boisé ; qui vit dans les bois
ὑμνέω	1	retentir, résonner, se faire entendre
ὑπέρ	4	au-dessus ; au-dessus de, sur
ὑπέρδικος	1	tout à fait juste ; défenseur ou vengeur de la justice
ὑπέρκοπος	1	qui se fatigue outre mesure, épuisé de fatigue ; qui dépasse le but, trop tranchant, orgueilleux, arrogant, présomptueux
ὑπέρφρων	1	qui a des sentiments trop hauts, fier, orgueilleux ; qui a des sentiments élevés, magnanime
ὑπείκω	2	céder la place, se retirer ; céder à, obéir à ; condescendre à
ὑπεικτέον	1	one must give way or yield
ὑπερβριθής	1	d'un poids excessif
ὑπερμαχέω	1	combattre pour, prendre la défense de
ὑπερπονέω	1	travailler à l'excès ; souffrir outre mesure ; souffrir pour qqn
ὑπεῖπον	1	ordonner, prescrire ; suggérer, inspirer ; signifier en outre ; dire ou répéter devant qqn ; parler à la suite de, ajouter à ce qu'on vient de dire ; laisser entendre, faire comprendre à mots couverts indiquer, annoncer ; expliquer, interpréter
ὑποβάλλω	1	jeter sous, mettre sous ; suggérer ; objecter, interrompre, souffler, suggérer (v.) ; lancer secrètement, suborner
ὑποδείδω	1	craindre au fond, craindre secrètement ; s'effrayer subitement
ὑποζεύγνυμι	1	mettre sous le joug, atteler
ὑποτείνω	1	tendre dessous ; tendre fortement (une corde, etc.)
ὑπουργέω	1	rendre service, se montrer secourable
ὑπό	15	sous : dessous, en dessous
ὑπόβλητος	1	supposé, suborné ; supposé, faux, mensonger
ὑψίβατος	1	qui monte, ou s'élève, haut, élevé
ὑψίκομπος	1	boasting, arrogant
ὑψηλός	1	haut, élevé
ὕπαρχος	1	soumis à, dépendant de; qui commande sous les autres ou à la place d'un autre
ὕπαυλος	1	sous l'abri de
ὕπνος	1	sommeil ; Hypnos ou le Sommeil
ὠδίνω	1	faire trembler comme une femme (dans les douleurs de l'enfantement)
ὠθέω	1	pousser
ὠκύαλος	1	qui navigue rapidement sur mer ; agile, rapide
ὠμοκρατής	1	aux fortes épaules
ὠμόθυμος	1	au cœur dur ou cruel
ὠμός	1	cru
ὠμόφρων	1	au cœur dur, cruel, inhumain
ὠφελέω	2	secourir, assister, aider, être utile
ὡς	71	quel esprit imprudent tu as ! ; puisse la discorde cesser ! ; ils se disaient les uns aux autres combien Cyrus avait bonne mémoire ; que ; afin que, pour que, en vue de ; de telle sorte que ; lorsque, après que, dès que ; parce que, puisque, car; vers
ὤμοι	10	hélas !
ὥρα	1	soin, souci, sollicitude
ὦ	50	ô ami ! ; (au nom de)
ὧδε	20	ainsi ; ici
ᾍδης	7	Hadès (Pluton) roi des enfers ; le séjour des morts, les enfers ; la mort
ᾗ	1	par où ; de la manière que, selon que, comme ; autant que; en quel endroit, où (dat. fém. de ὅς, ἥ, ὅ, employé adverb.); celui-ci, celle-ci, ceci, il, elle ; qui, lequel, laquelle
ᾠδή	1	chant ; action de chanter
ῥίζα	1	racine
ῥίπτω	3	se jeter, se précipiter
ῥίς	1	nez de l'homme
ῥαχίζω	2	briser l'épine dorsale, faire périr ; se redresser, faire le fanfaron, mentir impudemment
ῥοή	1	écoulement
ῥυτήρ	1	protecteur; celui qui tire
ῥυτός	1	tiré, traîné; qui coule, coulant; vase à boire en forme de corne
ῥύομαι	1	sauver, protéger, défendre, préserver ; masquer à la vue, cacher, voiler ; conserver fidèlement, observer avec soin ; prendre garde à, surveiller, observer ; écarter, éloigner, repousser, retenir
ῥᾴδιος	1	facile, aisé, commode
ῥῆμα	2	tout ce qu'on dit ; le verbe ; chose
ῥῦμα	1	abri, refuge; ce qu'on tire à soi
